;date;cluster_center_lat;cluster_center_lon;Country/Sea;Region;DAY/NIGHT;cluster_category;cluster_indicators;ndetection;cluster_number
234398;2026-05-26;13.721859;18.869957;Chad;Batha;DAY;fire_type_1;CO2_1:1,CO2_2:5,CO_1:2;8;L3_1
234402;2026-05-26;16.086151;35.15193;Sudan;Kassala;DAY;fire_type_1;C2H4_1:1,CO2_1:5,CO_1:1,CO_3:2;9;L3_3
234405;2026-05-26;21.419556;52.08434;Saudi Arabia;Ash-Sharqīyah;DAY;fire_type_1;C2H4_1:20,CO2_1:64,CO2_2:14,CO_1:14,CO_3:38,HCOOH_1:28,HNO3_1:87;265;L3_5
234413;2026-05-26;18.664871;52.460957;Oman;Dhofar;NIGHT;others;CO2_2:1,CaCO3_1:1,HCOOH_1:12,HNO3_1:39,NH3_2:1;54;L3_2
234463;2026-05-26;25.099606;-2.9913895;Algeria;Adrar;DAY;fire_type_1;C2H4_1:3,CO2_1:19,CO2_2:3,CO_1:1,CO_3:5,HCOOH_1:3,HNO3_1:15;49;L3_6
234579;2026-05-26;22.458889;47.001446;Saudi Arabia;Ar Riyad;NIGHT;others;HCOOH_1:2,HNO3_1:6,SO2_6:2;10;L3_4
234666;2026-05-26;24.138174;1.7794745;Algeria;Tamanghasset;DAY;fire;C2H4_1:2,CO_3:5;7;L3_7
234711;2026-05-26;28.619843;73.87742;India;Rajasthan;DAY;fire_type_1;CO2_1:13,CO2_2:3,CO2_3:3,CO_3:2,HCOOH_1:3,NH3_2:1;25;L3_9
234715;2026-05-26;28.062365;65.88253;Pakistan;Balochistan;DAY;fire_type_1;CO2_1:8,CO2_3:1,CO_3:6,HNO3_1:7;22;L3_8
234801;2026-05-26;32.244736;-3.8250525;Morocco;Meknès - Tafilalet;DAY;others;HNO3_1:6;6;L3_10
234813;2026-05-26;33.355366;7.9535694;Tunisia;Kebili;DAY;others;CO2_2:1,HCOOH_1:1,HNO3_1:3;5;L3_11
234821;2026-05-26;38.061302;94.90369;China;Qinghai;DAY;others;SO2_3:4;4;L3_12
234825;2026-05-26;43.18255;90.08094;China;Xinjiang Uygur;DAY;fire_type_1;C2H2_1:18,CO2_1:2,CO_3:2,HNO3_1:1,SO2_3:3;26;L3_13
234847;2026-05-26;19.390718;-57.86886;North Atlantic Ocean;;NIGHT;Unclassified;NH3:3;3;L2_1
234850;2026-05-26;23.731972;23.04174;Libya;Al Kufrah;DAY;Unclassified;C2H4:1,HNO3:2,CO:2,CO2:13,NH3:2,SO2:1;21;L2_2
234852;2026-05-26;14.674119;9.8268795;Niger;Zinder;DAY;Unclassified;HCOOH:1;1;L2_3
234856;2026-05-26;20.228643;29.16449;Sudan;Northern;DAY;Unclassified;C2H4:1,HNO3:1,NH3:1;3;L2_4
234875;2026-05-26;42.351128;27.95165;Black Sea;;DAY;Unclassified;C2H4:2;2;L2_6
234877;2026-05-26;65.88141;54.97233;Russian Federation;Komi;DAY;Unclassified;NH3:2;2;L2_7
234879;2026-05-26;40.94124;88.3974;China;Xinjiang Uygur;DAY;Unclassified;C2H2:1,CaCO3:4,HCOOH:1,HNO3:1,CO:2,CO2:3,SO2:1;13;L2_8
234882;2026-05-26;39.10248;101.2155;China;Nei Mongol;DAY;Unclassified;CO2:1;1;L2_9
234885;2026-05-26;64.49864;111.24331;Russian Federation;Sakha;DAY;Unclassified;NH3:2;2;L2_10
234887;2026-05-26;-27.532541;17.158316;Namibia;!Karas;NIGHT;Unclassified;HNO3:2;2;L2_11
234889;2026-05-26;19.589554;-155.53575;United States;Hawaii;DAY;Unclassified;CO2:2,SO2:3;5;L2_12
234892;2026-05-26;41.93878;-83.82493;United States;Michigan;NIGHT;Unclassified;CO2:2;2;L2_13
234894;2026-05-26;-13.150047;6.5758524;South Atlantic Ocean;;NIGHT;Unclassified;CO2:2;2;L2_14
234896;2026-05-26;28.806358;1.577153;Algeria;Adrar;NIGHT;Unclassified;HNO3:5;5;L2_16
234901;2026-05-26;-3.6570497;-61.081375;Brazil;Amazonas;DAY;Unclassified;HCOOH:1,CO2:1;2;L2_17
234902;2026-05-26;23.256178;-6.5487285;Mauritania;Adrar;DAY;Unclassified;CaCO3:3,CH3OH:1,HNO3:1,CO:4,CO2:12,NH3:7,SO2:2;30;L2_15
234908;2026-05-26;34.973972;9.755889;Tunisia;Sidi Bou Zid;DAY;Unclassified;CH3OH:1;1;L2_18
234909;2026-05-26;46.358402;170.0182;North Pacific Ocean;;NIGHT;Unclassified;SO2:4;4;L2_19
234912;2026-05-26;7.701808;52.424904;Indian Ocean;;NIGHT;Unclassified;SO2:2;2;L2_20
234914;2026-05-26;26.80409;48.116467;Saudi Arabia;Ash-Sharqīyah;NIGHT;Unclassified;CaCO3:1,CO2:2,NH3:4;7;L2_22
234921;2026-05-26;29.981384;-109.78213;Mexico;Sonora;DAY;Unclassified;C2H4:3,CH3OH:1,CO2:3,SO2:2;9;L2_23
234930;2026-05-26;4.72525;66.458;Arabian Sea;;DAY;Unclassified;HNO3:2;2;L2_24
234932;2026-05-26;-34.339737;32.221737;Indian Ocean;;DAY;Unclassified;NH3:2;2;L2_25
234934;2026-05-26;-7.3826203;37.73677;Tanzania;Morogoro;DAY;Unclassified;SO2:2;2;L2_26
234936;2026-05-26;10.087237;40.95637;Ethiopia;Somali;DAY;Unclassified;CO:1,CO2:5;6;L2_27
234941;2026-05-26;13.87528;35.008804;Sudan;Al Qadarif;DAY;Unclassified;HCN:1;1;L2_28
234943;2026-05-26;27.983128;60.351856;Iran;Sistan and Baluchestan;DAY;Unclassified;C2H2:2,C2H4:6,CaCO3:4,CH3OH:1,HCN:1,HCOOH:6,HNO3:11,CO:17,CO2:13,NH3:24,SO2:12;97;L2_21
234994;2026-05-26;34.878574;38.841175;Syria;Hims;DAY;Unclassified;HNO3:1,CO2:1;2;L2_29
234999;2026-05-26;42.838413;60.92959;Uzbekistan;Qaraqalpaqstan;DAY;Unclassified;C2H4:2,CO:1;3;L2_30
235002;2026-05-26;48.02126;56.49483;Kazakhstan;Aqtöbe;DAY;Unclassified;C2H2:1,CO:1,CO2:10,NH3:1;13;L2_31
235015;2026-05-26;50.0428;69.47884;Kazakhstan;Qaraghandy;DAY;Unclassified;HCOOH:1;1;L2_32
235016;2026-05-26;14.807596;27.959488;Sudan;North Kurdufan;NIGHT;Unclassified;HCOOH:1,NH3:2;3;L2_5
235019;2026-05-26;19.021627;156.1779;North Pacific Ocean;;NIGHT;Unclassified;NH3:2;2;L2_33
235072;2026-05-26;47.244347;78.520004;Kazakhstan;East Kazakhstan;DAY;Unclassified;CH3OH:3,CO2:1,SO2:3;7;L2_34
235079;2026-05-26;49.77663;90.95223;Mongolia;Uvs;DAY;Unclassified;SO2:1;1;L2_35
235080;2026-05-26;57.563465;89.87713;Russian Federation;Krasnoyarsk;DAY;Unclassified;CH3OH:1,SO2:1;2;L2_36
235081;2026-05-26;-22.072697;155.20851;Coral Sea;;NIGHT;Unclassified;NH3:2;2;L2_37
235083;2026-05-26;-17.859549;158.67776;Coral Sea;;NIGHT;Unclassified;CaCO3:1,HNO3:1;2;L2_38
235084;2026-05-26;2.1510699;152.64862;North Pacific Ocean;;NIGHT;Unclassified;C2H4:1,NH3:1;2;L2_39
235089;2026-05-26;19.305008;4.4902;Algeria;Tamanghasset;DAY;Unclassified;CO2:1;1;L2_40
235110;2026-05-27;-18.247969;144.58441;Australia;Queensland;NIGHT;extrem;CO_2 CO_3 CO2_1 Band_3;4;L3_2
235111;2026-05-27;-10.28468;-58.96094;Brazil;Mato Grosso;DAY;extrem;CO_1 CO_2 CO_3 CO2_1 CO2_2 Band_3;6;L3_1
235112;2026-05-27;22.695175;53.638622;Saudi Arabia;Ash-Sharqīyah;DAY;fire_type_1;C2H4_1:14,CO2_1:86,CO2_2:14,CO_1:8,CO_3:64,CaCO3_1:9,HCOOH_1:14,HNO3_1:197,SO2_3:2;408;L3_3
235124;2026-05-27;19.231936;52.978424;Oman;Dhofar;NIGHT;others;C2H4_1:2,CH3OH_1:1,CO2_2:2,CO2_3:1,HCOOH_1:4,HNO3_1:64,NH3_2:1,SO2_6:4;79;L3_4
235180;2026-05-27;20.720459;-4.0695953;Mali;Timbuktu;DAY;fire_type_1;CO2_1:10,CO2_2:1,CO_1:2,CO_3:1,HCOOH_1:2,HNO3_1:3;19;L3_5
235458;2026-05-27;26.89134;76.87546;India;Rajasthan;DAY;fire_type_1;C2H4_1:2,CO2_1:10,CO_3:6,HCOOH_1:3;21;L3_6
235500;2026-05-27;28.746588;0.8834539;Algeria;Adrar;DAY;others;CO_3:1,HCOOH_1:2,HNO3_1:10;13;L3_7
235529;2026-05-27;30.56485;73.0035;Pakistan;Punjab;DAY;fire;CO2_1:2,HCOOH_1:4;6;L3_8
235554;2026-05-27;31.204142;-3.8194048;Algeria;Meknès - Tafilalet;DAY;others;HNO3_1:4;4;L3_9
235563;2026-05-27;40.13493;87.86114;China;Xinjiang Uygur;DAY;fire_type_1;C2H2_1:38,C2H4_1:2,CO2_1:76,CO2_2:24,CO_3:4,HNO3_1:10,SO2_2:13,SO2_3:64;231;L3_11
235574;2026-05-27;32.19414;38.57952;Jordan;Mafraq;DAY;calcite;CaCO3_1:13;13;L3_10
235802;2026-05-27;45.34762;87.32716;China;Xinjiang Uygur;DAY;fire_type_1;CO2_1:6,CO2_2:6,CO_3:1;13;L3_12
235839;2026-05-27;30.36245;-68.361176;North Atlantic Ocean;;DAY;Unclassified;CO2:1,NH3:2;3;L2_1
235842;2026-05-27;43.455116;93.929825;China;Xinjiang Uygur;NIGHT;Unclassified;SO2:2;2;L2_3
235844;2026-05-27;46.81984;18.150253;Hungary;Somogy;NIGHT;Unclassified;NH3:2;2;L2_4
235846;2026-05-27;-24.051865;92.57417;Indian Ocean;;DAY;Unclassified;NH3:2;2;L2_5
235848;2026-05-27;20.399519;-98.69848;Mexico;Hidalgo;NIGHT;Unclassified;CO2:2;2;L2_7
235850;2026-05-27;11.293198;57.70807;Arabian Sea;;NIGHT;Unclassified;NH3:2;2;L2_8
235852;2026-05-27;27.367077;56.728157;Iran;Hormozgan;NIGHT;Unclassified;HNO3:3,CO2:2,NH3:1,SO2:3;9;L2_10
235861;2026-05-27;-7.954751;25.09376;Congo DRC;Haut-Lomami;DAY;Unclassified;CO:2;2;L2_11
235862;2026-05-27;20.19988;28.53121;Sudan;Northern;DAY;Unclassified;C2H4:3,CaCO3:1,HCN:1,HCOOH:2,HNO3:2,CO:11,CO2:10,NH3:2,SO2:1;33;L2_12
235864;2026-05-27;16.86292;17.7723;Chad;Borkou;DAY;Unclassified;HCOOH:1,CO2:1,NH3:1;3;L2_13
235874;2026-05-27;14.970677;-107.66506;North Pacific Ocean;;DAY;Unclassified;SO2:2;2;L2_15
235876;2026-05-27;25.896439;-103.216225;Mexico;Coahuila;DAY;Unclassified;HNO3:1,CO:1,CO2:2;4;L2_16
235880;2026-05-27;30.200151;-107.550026;Mexico;Chihuahua;DAY;Unclassified;SO2:1;1;L2_17
235881;2026-05-27;57.159424;157.51369;Russian Federation;Kamchatka;DAY;Unclassified;NH3:2;2;L2_18
235883;2026-05-27;-6.8443484;-139.124;South Pacific Ocean;;DAY;Unclassified;NH3:2;2;L2_19
235885;2026-05-27;33.054558;-115.10018;United States;California;DAY;Unclassified;C2H4:1,CO2:3;4;L2_20
235889;2026-05-27;42.759193;-114.91391;United States;Idaho;DAY;Unclassified;HCOOH:1;1;L2_21
235890;2026-05-27;44.106663;121.59818;China;Nei Mongol;DAY;Unclassified;HCOOH:1,NH3:2;3;L2_22
235891;2026-05-27;32.29106;138.33821;Philippine Sea;;NIGHT;Unclassified;NH3:2;2;L2_23
235893;2026-05-27;-19.844883;-149.3091;South Pacific Ocean;;NIGHT;Unclassified;CO2:2;2;L2_24
235895;2026-05-27;4.8893247;-147.00998;North Pacific Ocean;;NIGHT;Unclassified;CH3OH:2;2;L2_25
235918;2026-05-27;26.018019;40.12994;Saudi Arabia;Ḥaʼil;DAY;Unclassified;C2H4:3,CH3OH:1,CO:3,CO2:1;8;L2_26
235921;2026-05-27;28.59913;9.005697;Algeria;Illizi;DAY;Unclassified;CaCO3:1,HCOOH:3,HNO3:10,CO:3,CO2:2,NH3:1;20;L2_27
235924;2026-05-27;30.24068;31.59827;Egypt;Ash Sharqiyah;DAY;Unclassified;HCOOH:2;2;L2_29
235929;2026-05-27;-22.160242;96.12237;Indian Ocean;;NIGHT;Unclassified;NH3:2;2;L2_6
235931;2026-05-27;44.28221;64.735306;Kazakhstan;Qyzylorda;NIGHT;Unclassified;CaCO3:1;1;L2_30
235932;2026-05-27;-23.661236;-6.474271;South Atlantic Ocean;;DAY;Unclassified;HNO3:2;2;L2_31
235934;2026-05-27;17.240742;7.6716185;Niger;Agadez;DAY;Unclassified;C2H4:2,HCOOH:2,CO:1,CO2:1,NH3:2;8;L2_32
235935;2026-05-27;18.40708;-7.749049;Mauritania;Hodh ech Chargui;DAY;Unclassified;C2H2:1,C2H4:1,HCOOH:2,CO:5,CO2:3,SO2:2;14;L2_33
235970;2026-05-27;26.044048;53.23035;Persian Gulf;;DAY;Unclassified;CaCO3:1,HNO3:5,CO:11,CO2:10,NH3:11,SO2:17;55;L2_9
236028;2026-05-27;36.877594;63.97962;Turkmenistan;Lebap;DAY;Unclassified;CO2:2;2;L2_34
236032;2026-05-27;44.28682;59.085545;Uzbekistan;Qaraqalpaqstan;DAY;Unclassified;CO2:1;1;L2_35
236033;2026-05-27;-58.549553;-179.52089;South Pacific Ocean;;NIGHT;Unclassified;SO2:1;1;L2_36
236034;2026-05-27;-57.45563;177.79564;South Pacific Ocean;;NIGHT;Unclassified;SO2:1;1;L2_37
236035;2026-05-27;16.929722;13.541189;Niger;Diffa;NIGHT;Unclassified;C2H4:1,HNO3:1;2;L2_14
236037;2026-05-27;28.361982;1.0058708;Algeria;Adrar;NIGHT;Unclassified;HNO3:3;3;L2_28
236040;2026-05-27;18.89331;-17.689802;North Atlantic Ocean;;NIGHT;Unclassified;SO2:2;2;L2_39
236042;2026-05-27;19.532213;-15.8054;Mauritania;Inchiri;DAY;Unclassified;C2H4:1,CO:2,CO2:1;4;L2_38
236046;2026-05-27;-30.50322;70.48584;Indian Ocean;;DAY;Unclassified;CaCO3:2;2;L2_40
236048;2026-05-27;22.20962;77.35436;India;Madhya Pradesh;DAY;Unclassified;CH3OH:1,CO:3,CO2:2;6;L2_41
236051;2026-05-27;22.352;86.72267;India;Jharkhand;DAY;Unclassified;HNO3:2;2;L2_42
236055;2026-05-27;29.612137;74.22681;India;Rajasthan;DAY;Unclassified;CO:4,CO2:3,NH3:2,SO2:2;11;L2_43
236066;2026-05-27;42.322784;86.15372;China;Xinjiang Uygur;DAY;Unclassified;C2H4:3,CaCO3:13,CH3OH:7,HCOOH:1,CO:4,CO2:9,NH3:1,SO2:4;42;L2_2
236105;2026-05-27;62.204422;72.365166;Russian Federation;Khanty-Mansiy;DAY;Unclassified;HCOOH:2;2;L2_44
236107;2026-05-27;-8.433651;-49.476036;Brazil;Pará;DAY;Unclassified;CO:1;1;L2_45
236108;2026-05-27;-28.990986;-59.13169;Argentina;Corrientes;NIGHT;Unclassified;HNO3:2;2;L2_46
236110;2026-05-27;28.164589;92.15403;China;Xizang;DAY;Unclassified;CO2:1;1;L2_47
236111;2026-05-27;40.00693;99.79688;China;Nei Mongol;DAY;Unclassified;CO2:3;3;L2_48
236116;2026-05-28;-2.9647372;116.17696;Makassar Strait;;NIGHT;fire;C2H4_1:20,CO_3:2,HCOOH_1:29,NH3_1:6,NH3_2:9,NH3_3:28;94;L3_2
236122;2026-05-28;-3.2683644;139.34552;Indonesia;Papua;NIGHT;fire;C2H4_1:4,NH3_1:5,NH3_2:2,NH3_3:13;24;L3_3
236132;2026-05-28;-1.6100335;-167.03433;South Pacific Ocean;;NIGHT;voc;C2H4_1:155,CO_2:12,CO_3:13,CaCO3_1:6,HCOOH_1:18,NH3_1:48,NH3_2:36,NH3_3:59;347;L3_5
236133;2026-05-28;-1.2904892;-142.14122;South Pacific Ocean;;NIGHT;voc;C2H4_1:231,CO_2:19,CaCO3_1:41,HCOOH_1:25,NH3_1:59,NH3_2:35,NH3_3:74;484;L3_7
236136;2026-05-28;-1.4904194;166.50742;South Pacific Ocean;;NIGHT;fire;C2H4_1:80,CO_3:20,HCOOH_1:24,NH3_1:29,NH3_2:54,NH3_3:91;298;L3_9
236455;2026-05-28;-0.84143466;149.26878;South Pacific Ocean;;NIGHT;fire;C2H4_1:7,HCOOH_1:3,NH3_1:4,NH3_2:2,NH3_3:6;22;L3_11
237149;2026-05-28;22.921335;54.805443;United Arab Emirates;Abu Dhabi;DAY;fire_type_1;C2H4_1:12,CO2_1:98,CO2_2:15,CO2_3:6,CO_1:10,CO_2:13,CO_3:73,HCOOH_1:15,HNO3_1:244;486;L3_1
237153;2026-05-28;16.310347;35.559563;Sudan;Kassala;DAY;fire_type_1;CO2_2:1,CO_1:2,CO_2:2,CO_3:4;9;L3_4
237178;2026-05-28;18.893147;53.90513;Oman;Dhofar;NIGHT;others;HCOOH_1:7,HNO3_1:35,SO2_1:2;44;L3_13
237270;2026-05-28;20.600878;-11.625464;Mauritania;Adrar;DAY;fire_type_1;CO2_1:5,CO2_2:1,CO_1:1,CO_2:0,CO_3:7;14;L3_6
237504;2026-05-28;27.95721;41.11436;Saudi Arabia;Ḥaʼil;DAY;fire_type_1;C2H4_1:4,CO2_1:18,CO_1:2,CO_2:1,CO_3:13,HNO3_1:7;45;L3_8
237516;2026-05-28;25.961987;-9.005871;Mauritania;Tiris Zemmour;DAY;fire_type_1;CO2_1:2,CO2_2:2,CO_1:1,CO_2:1,CO_3:4;10;L3_10
237567;2026-05-28;28.088156;74.05374;India;Rajasthan;DAY;fire_type_1;CO2_1:1,CO2_2:6,CO_2:1;8;L3_12
237583;2026-05-28;29.092113;2.2895424;Algeria;Ghardaïa;DAY;others;HNO3_1:9;9;L3_14
237614;2026-05-28;29.367292;16.280254;Libya;Al Jufrah;DAY;others;CO_2:0,HNO3_1:14;14;L3_15
237665;2026-05-28;40.22601;89.05015;China;Xinjiang Uygur;DAY;fire_type_1;C2H2_1:16,CO2_1:71,CO2_2:58,CO_3:13,HNO3_1:5,SO2_2:12,SO2_3:13;188;L3_16
237685;2026-05-28;32.553192;9.495978;Tunisia;Tataouine;DAY;fire_type_1;CO2_1:17,CO_2:0,CO_3:2,HCOOH_1:1,HNO3_1:1;21;L3_17
237802;2026-05-28;37.310368;62.206116;Turkmenistan;Mary;DAY;fire_type_1;CO2_1:5,CO_3:2;7;L3_18
237966;2026-05-28;-32.66645;155.83244;Tasman Sea;;DAY;Unclassified;NH3:2;2;L2_1
237968;2026-05-28;29.308556;1.8759645;Algeria;Adrar;NIGHT;Unclassified;HNO3:2;2;L2_3
237970;2026-05-28;1.5633899;83.34931;Indian Ocean;;NIGHT;Unclassified;NH3:1;1;L2_4
237971;2026-05-28;4.5021405;92.07487;Indian Ocean;;NIGHT;Unclassified;NH3:2;2;L2_5
237973;2026-05-28;-79.12894;-169.56267;Southern Ocean;;NIGHT;Unclassified;NH3:1;1;L2_6
237974;2026-05-28;-78.35573;-162.51173;Southern Ocean;;NIGHT;Unclassified;NH3:1;1;L2_7
237975;2026-05-28;26.039957;51.212605;Qatar;Madinat ash Shamal;NIGHT;Unclassified;C2H4:1,CaCO3:1,HNO3:10,CO:1,CO2:1,NH3:3,SO2:2;19;L2_9
237981;2026-05-28;-10.018559;125.67448;Timor Sea;;DAY;Unclassified;NH3:2;2;L2_10
237983;2026-05-28;26.866888;-10.501128;Morocco;Es Semara;NIGHT;Unclassified;HNO3:1;1;L2_12
237984;2026-05-28;38.751553;-23.933744;North Atlantic Ocean;;NIGHT;Unclassified;NH3:2;2;L2_13
237986;2026-05-28;-2.2031634;116.0621;Indonesia;Kalimantan Timur;NIGHT;Unclassified;C2H4:1,CaCO3:7,CH3OH:3,HNO3:4,CO:5,CO2:9,SO2:5;34;L2_14
238020;2026-05-28;7.6732535;116.79057;South China Sea;;NIGHT;Unclassified;HCOOH:1,NH3:1;2;L2_15
238022;2026-05-28;-6.200086;19.732937;Congo DRC;Kasaï;DAY;Unclassified;CO:4,CO2:1;5;L2_16
238024;2026-05-28;26.41341;44.73879;Saudi Arabia;Ar Riyad;DAY;Unclassified;C2H2:1,C2H4:4,CaCO3:8,HCN:1,HCOOH:2,HNO3:7,CO:14,CO2:19,NH3:7,SO2:12;75;L2_8
238060;2026-05-28;50.46267;43.26194;Russian Federation;Volgograd;DAY;Unclassified;HNO3:2;2;L2_17
238062;2026-05-28;67.981865;65.2832;Russian Federation;Komi;DAY;Unclassified;HCOOH:2;2;L2_18
238072;2026-05-28;27.531727;-122.94374;North Pacific Ocean;;DAY;Unclassified;NH3:2;2;L2_19
238078;2026-05-28;51.647312;-109.83171;Canada;Saskatchewan;DAY;Unclassified;CO:2;2;L2_20
238080;2026-05-28;60.442013;-113.12828;Canada;Northwest Territories;DAY;Unclassified;CO:5,CO2:2;7;L2_21
238081;2026-05-28;13.642818;11.459977;Niger;Diffa;DAY;Unclassified;CO2:1,NH3:1;2;L2_22
238083;2026-05-28;19.891472;12.994217;Niger;Agadez;DAY;Unclassified;C2H4:1,HCOOH:1,CO:1;3;L2_23
238084;2026-05-28;23.926456;0.016102746;Algeria;Adrar;DAY;Unclassified;C2H4:1,HNO3:3,CO:6,CO2:5,NH3:1,SO2:1;17;L2_2
238099;2026-05-28;29.828356;7.7086577;Algeria;Illizi;DAY;Unclassified;CO2:1,NH3:2,SO2:1;4;L2_24
238107;2026-05-28;45.208557;10.598749;Italy;Lombardia;DAY;Unclassified;HCOOH:2,NH3:2;4;L2_25
238111;2026-05-28;-1.4100698;-167.18538;South Pacific Ocean;;NIGHT;Unclassified;C2H2:2,CaCO3:1,CH3OH:11,HNO3:3,CO:13,CO2:3,SO2:5;38;L2_26
238149;2026-05-28;48.58152;-104.86844;United States;Montana;NIGHT;Unclassified;NH3:2;2;L2_27
238151;2026-05-28;-0.6433076;-144.33655;South Pacific Ocean;;NIGHT;Unclassified;C2H4:3,CH3OH:3,HCN:1,HNO3:5,CO:10,CO2:7,SO2:8;37;L2_28
238176;2026-05-28;0.7115;-132.61058;North Pacific Ocean;;NIGHT;Unclassified;SO2:1;1;L2_29
238184;2026-05-28;5.425612;-135.40927;North Pacific Ocean;;NIGHT;Unclassified;HNO3:1,CO2:1;2;L2_30
238187;2026-05-28;-15.17901;-115.954315;South Pacific Ocean;;NIGHT;Unclassified;NH3:2;2;L2_31
238227;2026-05-28;62.38418;71.77546;Russian Federation;Khanty-Mansiy;DAY;Unclassified;NH3:2;2;L2_32
238229;2026-05-28;22.80883;79.80742;India;Madhya Pradesh;DAY;Unclassified;CO:1;1;L2_33
238230;2026-05-28;30.360975;74.7049;India;Punjab;DAY;Unclassified;HCOOH:2,CO:1,NH3:4;7;L2_34
238231;2026-05-28;38.92205;89.628105;China;Xinjiang Uygur;DAY;Unclassified;C2H2:3,C2H4:2,CaCO3:2,HCOOH:2,HNO3:1,CO:8,CO2:9,NH3:1,SO2:11;39;L2_35
238275;2026-05-28;79.099525;-95.282684;The Northwestern Passages;;DAY;Unclassified;NH3:1;1;L2_36
238276;2026-05-28;79.31251;-89.731255;Canada;Nunavut;DAY;Unclassified;NH3:1;1;L2_37
238277;2026-05-28;-6.4996204;-53.019985;Brazil;Pará;DAY;Unclassified;CO2:1;1;L2_38
238278;2026-05-28;-1.006556;167.5719;South Pacific Ocean;;NIGHT;Unclassified;CaCO3:3,CH3OH:1,HCN:3,HNO3:2,CO:19,CO2:7,SO2:8;43;L2_39
238318;2026-05-28;6.1970716;163.3235;North Pacific Ocean;;NIGHT;Unclassified;C2H4:1,CaCO3:1;2;L2_40
238320;2026-05-28;26.045498;-10.392332;Morocco;Es Semara;DAY;Unclassified;NH3:3;3;L2_11
238323;2026-05-28;34.335835;118.47823;China;Jiangsu;DAY;Unclassified;HCOOH:2;2;L2_41
238325;2026-05-28;43.465588;124.3186;China;Jilin;DAY;Unclassified;NH3:2;2;L2_42
238327;2026-05-28;77.27367;128.5027;Laptev Sea;;DAY;Unclassified;NH3:2;2;L2_43
238329;2026-05-28;0.6612064;144.31601;North Pacific Ocean;;NIGHT;Unclassified;C2H4:2,CaCO3:3,CH3OH:2,NH3:6,SO2:1;14;L2_44
238343;2026-05-28;16.300928;-12.40551;Mauritania;Assaba;DAY;Unclassified;C2H4:2,CO:2,NH3:1,SO2:1;6;L2_45
238349;2026-05-29;18.379093;-13.984517;Mauritania;Trarza;DAY;fire_type_1;C2H4_1:2,CO2_1:8,CO2_2:4,CO_1:2,CO_3:2,SO2_6:2;20;L3_2
238350;2026-05-29;16.361736;33.168022;Sudan;River Nile;DAY;fire_type_1;CO2_1:1,CO2_2:1,CO_1:1,CO_3:1,SO2_6:3;7;L3_4
238354;2026-05-29;19.929605;53.861996;Saudi Arabia;Ash-Sharqīyah;DAY;fire_type_1;C2H4_1:9,CO2_1:27,CO2_2:6,CO_1:1,CO_3:7,HNO3_1:91,SO2_6:2;143;L3_6
238360;2026-05-29;18.77387;10.062658;Niger;Agadez;DAY;fire_type_1;C2H4_1:1,CO2_1:13,CO2_2:3,CO_1:2,CO_3:10,SO2_6:1;30;L3_7
238363;2026-05-29;17.675377;51.176853;Yemen;Hadramawt;NIGHT;others;HNO3_1:12,HNO3_2:1;13;L3_3
238378;2026-05-29;23.206171;-6.1486654;Mali;Timbuktu;DAY;fire_type_1;C2H4_1:6,CO2_1:20,CO_1:1,CO_3:18,HNO3_1:10,SO2_6:3;58;L3_8
238400;2026-05-29;23.865156;44.83549;Saudi Arabia;Ar Riyad;DAY;fire_type_1;C2H4_1:11,CO2_1:27,CO2_2:7,CO_1:3,CO_3:35,HNO3_1:19;102;L3_9
238575;2026-05-29;23.73427;33.272263;Egypt;Aswan;DAY;fire_type_1;CO2_2:1,CO_1:1,CO_3:2,HNO3_1:2;6;L3_10
238658;2026-05-29;29.998438;65.0292;Afghanistan;Kandahar;DAY;fire_type_1;C2H4_1:2,CO2_1:60,CO2_2:20,CO_3:31,HCOOH_1:12,HNO3_1:19,NH3_2:10,SO2_6:18;172;L3_11
238664;2026-05-29;26.655758;48.857754;Saudi Arabia;Ash-Sharqīyah;NIGHT;calcite;CO2_3:2,CaCO3_1:5,HCOOH_1:1,HNO3_1:1;9;L3_5
238774;2026-05-29;29.776417;17.621244;Libya;Surt;DAY;others;CO2_1:2,HNO3_1:5;7;L3_12
238806;2026-05-29;31.38135;-3.766916;Algeria;Meknès - Tafilalet;DAY;fire_type_1;CO2_1:1,CO_3:1,HNO3_1:7;9;L3_13
238884;2026-05-29;33.972282;-1.5160756;Algeria;Naâma;DAY;fire_type_1;CO2_1:1,CO2_2:2,CO_3:1;4;L3_17
238894;2026-05-29;37.888065;65.16236;Turkmenistan;Lebap;DAY;fire_type_1;CO2_1:5,CO2_2:1,CO_3:12,HCOOH_1:1;19;L3_14
238900;2026-05-29;40.77402;94.26131;China;Gansu;DAY;fire_type_1;C2H2_1:8,CO2_1:43,CO2_2:53,CO_3:19,HCOOH_1:3,HNO3_1:3,SO2_2:12;141;L3_15
238962;2026-05-29;41.329437;104.34731;China;Nei Mongol;DAY;fire_type_1;C2H2_1:6,CO2_1:1,CO_3:1;8;L3_16
239053;2026-05-29;60.275227;-113.02284;Canada;Northwest Territories;DAY;extrem;CO_1 CO_2 CO_3 Band_3;4;L3_1
239054;2026-05-29;-3.19694;-125.007095;South Pacific Ocean;;DAY;Unclassified;HNO3:1;1;L2_1
239055;2026-05-29;27.643518;-104.219604;Mexico;Chihuahua;DAY;Unclassified;CO2:1;1;L2_2
239056;2026-05-29;28.64185;-111.5809;Mexico;Sonora;DAY;Unclassified;HNO3:1;1;L2_3
239057;2026-05-29;46.608665;-107.09155;United States;Montana;DAY;Unclassified;NH3:1;1;L2_4
239058;2026-05-29;55.132935;-97.24694;Canada;Manitoba;DAY;Unclassified;C2H4:2;2;L2_5
239060;2026-05-29;16.371239;36.12808;Sudan;Kassala;DAY;Unclassified;C2H2:1,C2H4:1,CO:5,CO2:3;10;L2_7
239067;2026-05-29;21.667002;45.58177;Saudi Arabia;Ar Riyad;DAY;Unclassified;HCOOH:1,SO2:4;5;L2_8
239075;2026-05-29;27.508623;24.486902;Libya;Al Wahat;DAY;Unclassified;C2H4:3,HNO3:1,CO:4,CO2:2,NH3:1,SO2:1;12;L2_10
239076;2026-05-29;25.19782;40.034344;Saudi Arabia;Al Madinah;DAY;Unclassified;CO2:1;1;L2_11
239080;2026-05-29;27.73672;33.002846;Egypt;Al Bahr al Ahmar;DAY;Unclassified;CO2:2,SO2:1;3;L2_12
239085;2026-05-29;29.800299;46.09503;Iraq;Al-Muthannia;DAY;Unclassified;CaCO3:1;1;L2_13
239086;2026-05-29;32.109764;39.589455;Iraq;Al-Anbar;DAY;Unclassified;HNO3:2;2;L2_14
239088;2026-05-29;44.889423;56.15438;Uzbekistan;Qaraqalpaqstan;DAY;Unclassified;HNO3:1;1;L2_15
239089;2026-05-29;-67.71522;-63.755604;Southern Ocean;;NIGHT;Unclassified;NH3:2;2;L2_16
239091;2026-05-29;37.84381;136.39078;Japan Sea;;NIGHT;Unclassified;C2H4:2;2;L2_17
239093;2026-05-29;-4.1057734;100.214836;Indian Ocean;;NIGHT;Unclassified;NH3:2;2;L2_18
239095;2026-05-29;21.213823;77.449;India;Maharashtra;DAY;Unclassified;C2H4:2,HCOOH:2;4;L2_19
239099;2026-05-29;30.243195;85.14708;China;Xizang;DAY;Unclassified;CO2:1,SO2:1;2;L2_20
239100;2026-05-29;40.818764;95.909874;China;Gansu;DAY;Unclassified;C2H2:2,C2H4:6,CH3OH:1,HCOOH:7,CO:4,CO2:14,NH3:6,SO2:22;62;L2_21
239151;2026-05-29;54.152607;-102.79626;Canada;Saskatchewan;NIGHT;Unclassified;C2H4:7,HCOOH:1,NH3:1;9;L2_6
239159;2026-05-29;68.53451;120.05774;Russian Federation;Sakha;DAY;Unclassified;NH3:2;2;L2_22
239163;2026-05-29;47.88253;122.934204;China;Nei Mongol;DAY;Unclassified;HCOOH:1;1;L2_23
239164;2026-05-29;-2.25607;-159.41911;South Pacific Ocean;;NIGHT;Unclassified;SO2:2;2;L2_24
239166;2026-05-29;14.6653185;12.630462;Niger;Diffa;DAY;Unclassified;HNO3:1,CO:3,CO2:3,NH3:5;12;L2_25
239167;2026-05-29;18.840017;18.572979;Chad;Borkou;DAY;Unclassified;CO:1,CO2:1;2;L2_26
239172;2026-05-29;25.127531;-5.32545;Mauritania;Tiris Zemmour;DAY;Unclassified;C2H4:1,CaCO3:3,HCN:3,HCOOH:2,HNO3:8,CO:3,CO2:6,NH3:1,SO2:5;32;L2_27
239189;2026-05-29;31.553997;12.349786;Libya;Al Jabal al Gharbi;DAY;Unclassified;CO2:2;2;L2_29
239192;2026-05-29;38.09192;-159.33539;North Pacific Ocean;;NIGHT;Unclassified;NH3:2;2;L2_30
239194;2026-05-29;-11.0561495;121.70353;Indian Ocean;;NIGHT;Unclassified;NH3:1;1;L2_31
239195;2026-05-29;36.967453;116.12422;China;Shandong;NIGHT;Unclassified;CO2:1,SO2:1;2;L2_32
239196;2026-05-29;49.56756;-49.025368;North Atlantic Ocean;;DAY;Unclassified;NH3:2;2;L2_33
239198;2026-05-29;70.120895;169.48433;East Siberian Sea;;DAY;Unclassified;SO2:2;2;L2_34
239200;2026-05-29;23.151413;-62.579727;North Atlantic Ocean;;NIGHT;Unclassified;HNO3:2;2;L2_35
239202;2026-05-29;26.282675;63.001614;Pakistan;Balochistan;NIGHT;Unclassified;C2H2:1,C2H4:1,HNO3:2,CO2:4,SO2:6;14;L2_36
239216;2026-05-29;31.881927;56.594997;Iran;Kerman;NIGHT;Unclassified;HNO3:1;1;L2_37
239217;2026-05-29;0.21861085;-3.4898174;North Atlantic Ocean;;NIGHT;Unclassified;HNO3:2;2;L2_38
239219;2026-05-29;22.97487;-4.6744366;Mali;Timbuktu;NIGHT;Unclassified;C2H4:1,HCOOH:2,HNO3:4,CO2:2;9;L2_28
239247;2026-05-29;33.885464;-0.34457257;Algeria;Naâma;DAY;Unclassified;SO2:2;2;L2_39
239249;2026-05-29;38.22627;-6.426089;Spain;Extremadura;DAY;Unclassified;C2H4:1;1;L2_40
239250;2026-05-29;-70.537315;65.07864;Antarctica;;NIGHT;Unclassified;NH3:2;2;L2_41
239252;2026-05-29;-12.994246;43.496735;Mozambique Channel;;NIGHT;Unclassified;CO2:2;2;L2_42
239254;2026-05-29;22.157629;48.59474;Saudi Arabia;Ash-Sharqīyah;NIGHT;Unclassified;HNO3:3,CO2:3,SO2:1;7;L2_9
239260;2026-05-29;71.65085;-77.743576;Canada;Nunavut;DAY;Unclassified;NH3:2;2;L2_43
239271;2026-05-29;-70.85461;172.32986;Southern Ocean;;NIGHT;Unclassified;NH3:1;1;L2_44
239272;2026-05-29;-70.19671;176.96332;Southern Ocean;;NIGHT;Unclassified;NH3:1;1;L2_45
239273;2026-05-29;-52.50033;-62.83799;South Atlantic Ocean;;DAY;Unclassified;C2H2:2;2;L2_46
239275;2026-05-29;62.143818;-12.052838;North Atlantic Ocean;;DAY;Unclassified;HNO3:2;2;L2_47
239277;2026-05-29;13.269335;-175.01967;North Pacific Ocean;;DAY;Unclassified;NH3:2;2;L2_48
239281;2026-05-30;-5.4577193;17.954477;Congo DRC;Kwilu;DAY;extrem;CO_2 CO_3 CO2_1 Band_3;4;L3_2
239282;2026-05-30;20.91289;47.71569;Saudi Arabia;Ar Riyad;DAY;fire_type_1;C2H4_1:39,CO2_1:135,CO2_2:13,CO_2:6,CO_3:62,HNO3_1:63;318;L3_4
239283;2026-05-30;17.774426;51.721794;Yemen;Al Mahrah;NIGHT;others;C2H4_1:1,HCOOH_1:7,HNO3_1:67,NH3_2:1,SO2_1:2;78;L3_3
239310;2026-05-30;24.386972;-4.684059;Mali;Timbuktu;DAY;fire_type_1;CO2_1:38,CO2_2:1,CO_2:7,CO_3:17,HNO3_1:24;87;L3_5
239349;2026-05-30;18.69753;-1.6721879;Mali;Timbuktu;NIGHT;fire;HCOOH_1:10;10;L3_6
239396;2026-05-30;21.366405;56.816246;Oman;Al Wusta;DAY;fire_type_1;CO2_1:2,CO_3:2,HNO3_1:17;21;L3_7
239470;2026-05-30;20.856892;24.580061;Libya;Al Kufrah;DAY;fire_type_1;CO2_1:3,CO2_2:2,CO_3:1;6;L3_8
239667;2026-05-30;29.448816;62.485634;Afghanistan;Nimroz;DAY;fire_type_1;C2H4_1:9,CO2_1:44,CO2_2:4,CO_3:33,HCOOH_1:1,HNO3_1:27,SO2_6:23;141;L3_9
239756;2026-05-30;31.794693;-107.69636;United States;New Mexico;DAY;fire;CO2_1:5,CO2_2:1,CO2_3:2,HCOOH_1:1,NH3_3:2;11;L3_10
239808;2026-05-30;32.457413;71.74889;Pakistan;Punjab;DAY;fire;CO_3:1,HCOOH_1:8,NH3_2:7;16;L3_11
239871;2026-05-30;33.85181;116.05488;China;Henan;DAY;fire;HCOOH_1:11,NH3_2:1;12;L3_12
239890;2026-05-30;36.32817;64.3587;Turkmenistan;Mary;DAY;fire_type_1;CO2_1:1,CO_3:2,SO2_6:2;5;L3_13
239896;2026-05-30;39.45059;104.59782;China;Nei Mongol;DAY;fire_type_1;C2H4_1:2,CO2_1:8,CO2_2:3,CO_3:3,HCOOH_1:4,HNO3_1:1;21;L3_14
239917;2026-05-30;53.324104;-102.90663;Canada;Saskatchewan;DAY;extrem;CO_1 CO_2 CO_3 CO2_1 CO2_2 Band_3;6;L3_1
239918;2026-05-30;40.774426;101.77128;China;Nei Mongol;DAY;Unclassified;C2H4:2,HNO3:2,CO:5,CO2:3,NH3:3,SO2:3;18;L2_1
239936;2026-05-30;47.42269;111.907295;Mongolia;Hentiy;DAY;Unclassified;CH3OH:1;1;L2_2
239937;2026-05-30;54.03841;-106.202324;Canada;Saskatchewan;DAY;Unclassified;C2H4:1,HCOOH:1;2;L2_3
239939;2026-05-30;63.527683;134.35472;Russian Federation;Sakha;DAY;Unclassified;NH3:1;1;L2_5
239940;2026-05-30;43.021877;120.18759;China;Nei Mongol;DAY;Unclassified;CO:2;2;L2_6
239942;2026-05-30;68.7661;160.92682;Russian Federation;Sakha;DAY;Unclassified;HNO3:2;2;L2_7
239944;2026-05-30;-43.88711;-72.562386;Chile;Aysén del General Ibañez del Cam;NIGHT;Unclassified;NH3:2;2;L2_8
239946;2026-05-30;-34.255196;-79.57398;South Pacific Ocean;;NIGHT;Unclassified;HNO3:2;2;L2_9
239948;2026-05-30;-70.13131;-64.30662;Antarctica;;NIGHT;Unclassified;C2H2:1;1;L2_10
239949;2026-05-30;-58.399605;-41.225613;South Atlantic Ocean;;NIGHT;Unclassified;HNO3:2;2;L2_11
239951;2026-05-30;23.28046;-4.958464;Mali;Timbuktu;DAY;Unclassified;C2H2:2,C2H4:1,HCOOH:2,HNO3:3,CO:12,CO2:25,NH3:10,SO2:7;62;L2_12
240012;2026-05-30;39.908096;-3.0775099;Spain;Castilla-La Mancha;DAY;Unclassified;;0;L2_14
240013;2026-05-30;-25.889297;14.88083;South Atlantic Ocean;;DAY;Unclassified;CO2:1;1;L2_15
240014;2026-05-30;-23.454779;-0.33439285;South Atlantic Ocean;;DAY;Unclassified;NH3:2;2;L2_16
240016;2026-05-30;16.473324;17.878342;Chad;Borkou;DAY;Unclassified;CH3OH:1,HCOOH:1,HNO3:1,CO:13,CO2:9,NH3:4,SO2:2;31;L2_17
240045;2026-05-30;27.903301;26.229288;Egypt;Matrouh;DAY;Unclassified;HNO3:1,CO2:1,NH3:2;4;L2_18
240049;2026-05-30;32.41168;8.495153;Algeria;El Oued;DAY;Unclassified;CH3OH:1,CO2:1;2;L2_19
240051;2026-05-30;45.407528;9.81544;Italy;Lombardia;DAY;Unclassified;HCOOH:1;1;L2_20
240052;2026-05-30;-12.562232;132.14853;Australia;Northern Territory;DAY;Unclassified;CO2:2;2;L2_21
240054;2026-05-30;13.592767;163.28236;North Pacific Ocean;;DAY;Unclassified;NH3:2;2;L2_22
240056;2026-05-30;-8.454295;-138.1042;South Pacific Ocean;;NIGHT;Unclassified;HCOOH:1,SO2:1;2;L2_23
240058;2026-05-30;6.338827;-133.25139;North Pacific Ocean;;NIGHT;Unclassified;NH3:2;2;L2_24
240060;2026-05-30;27.843048;55.244392;Iran;Fars;DAY;Unclassified;C2H4:9,CaCO3:1,CH3OH:3,HCOOH:4,HNO3:3,CO:11,CO2:19,NH3:10,SO2:13;73;L2_25
240094;2026-05-30;-24.379978;-67.99796;Argentina;Salta;DAY;Unclassified;HCOOH:1;1;L2_27
240095;2026-05-30;-15.87367;-71.561134;Peru;Arequipa;DAY;Unclassified;SO2:1;1;L2_28
240096;2026-05-30;28.38583;-1.215123;Algeria;Adrar;NIGHT;Unclassified;C2H4:1,CH3OH:1,HNO3:5;7;L2_13
240103;2026-05-30;42.832607;-13.178968;North Atlantic Ocean;;NIGHT;Unclassified;NH3:2;2;L2_29
240105;2026-05-30;-79.02039;-88.456665;Antarctica;;NIGHT;Unclassified;NH3:1;1;L2_30
240106;2026-05-30;-78.2109;-82.80657;Antarctica;;NIGHT;Unclassified;NH3:1;1;L2_31
240107;2026-05-30;18.123474;61.18552;Arabian Sea;;DAY;Unclassified;NH3:2;2;L2_32
240148;2026-05-30;45.28259;86.97882;China;Xinjiang Uygur;DAY;Unclassified;CO2:1;1;L2_33
240149;2026-05-30;50.573357;79.41492;Kazakhstan;East Kazakhstan;DAY;Unclassified;CO2:1,NH3:2;3;L2_34
240152;2026-05-30;23.63538;52.128407;United Arab Emirates;Abu Dhabi;NIGHT;Unclassified;C2H4:2,CaCO3:1,HNO3:12,CO:1,CO2:1,NH3:4,SO2:1;22;L2_26
240169;2026-05-30;39.297836;-128.02592;North Pacific Ocean;;DAY;Unclassified;NH3:2;2;L2_35
240171;2026-05-30;60.514515;-113.39995;Canada;Northwest Territories;DAY;Unclassified;CO:1;1;L2_36
240172;2026-05-30;13.191919;67.786835;Arabian Sea;;NIGHT;Unclassified;CO2:2;2;L2_37
240180;2026-05-30;35.833595;-108.929665;United States;New Mexico;DAY;Unclassified;CO2:7;7;L2_38
240182;2026-05-30;-31.136284;49.96376;Indian Ocean;;NIGHT;Unclassified;NH3:2;2;L2_39
240184;2026-05-30;-17.87317;-118.9391;South Pacific Ocean;;DAY;Unclassified;NH3:2;2;L2_40
240186;2026-05-30;-9.139976;54.625504;Indian Ocean;;NIGHT;Unclassified;CO2:2;2;L2_41
240188;2026-05-30;25.68132;-102.74822;Mexico;Coahuila;DAY;Unclassified;CO:1;1;L2_42
240189;2026-05-30;29.508308;-110.45892;Mexico;Sonora;DAY;Unclassified;C2H4:1,HCOOH:1,HNO3:1,CO:2,CO2:2;7;L2_43
240200;2026-05-30;36.65135;-114.833176;United States;Nevada;DAY;Unclassified;HNO3:1;1;L2_44
240201;2026-05-30;-46.600708;-143.74544;South Pacific Ocean;;NIGHT;Unclassified;HCOOH:1;1;L2_45
240202;2026-05-30;-25.3818;24.783361;Botswana;Southern;DAY;Unclassified;CO:2;2;L2_46
240204;2026-05-30;-28.444757;-99.29051;South Pacific Ocean;;DAY;Unclassified;NH3:2;2;L2_47
240206;2026-05-30;54.64766;-106.143845;Canada;Saskatchewan;NIGHT;Unclassified;C2H4:1;1;L2_4
240207;2026-05-31;13.396424;26.970076;Sudan;North Darfur;DAY;fire;C2H4_1:2,CO2_1:5;7;L3_1
240214;2026-05-31;21.478443;51.423386;Saudi Arabia;Ash-Sharqīyah;DAY;fire_type_1;C2H4_1:35,CO2_1:116,CO2_2:20,CO2_3:15,CO_3:92,HCOOH_1:11,HNO3_1:228;517;L3_3
240223;2026-05-31;18.092402;52.462025;Oman;Dhofar;NIGHT;others;HCOOH_1:8,HNO3_1:88,NH3_3:1,SO2_1:2,SO2_6:2;101;L3_2
240259;2026-05-31;17.620916;27.383919;Sudan;North Darfur;DAY;fire_type_1;C2H4_1:3,CO2_1:3,CO_3:3,HCOOH_1:2;11;L3_5
240266;2026-05-31;23.492846;-2.7239504;Mali;Timbuktu;DAY;fire_type_1;C2H4_1:7,CO2_1:41,CO2_2:17,CO2_3:11,CO_3:21,HCOOH_1:22,HNO3_1:27;146;L3_4
240760;2026-05-31;24.46382;31.636137;Egypt;Al Wadi al Jadid;DAY;others;CO2_1:2,HNO3_1:6;8;L3_6
240794;2026-05-31;28.869808;63.448437;Pakistan;Balochistan;DAY;fire_type_1;CO2_1:13,CO_3:11;24;L3_7
240851;2026-05-31;30.972523;42.82755;Iraq;Al-Anbar;DAY;others;C2H4_1:1,CO2_3:1,HNO3_1:7;9;L3_8
240874;2026-05-31;33.72243;-107.44056;United States;New Mexico;DAY;fire_type_1;CO2_1:4,CO2_2:8,CO_2:3,CO_3:3;18;L3_9
240942;2026-05-31;34.391644;116.06179;China;Henan;DAY;fire;HCOOH_1:6,NH3_2:2;8;L3_10
240985;2026-05-31;38.30133;80.79541;China;Xinjiang Uygur;DAY;fire_type_1;CO2_1:26,CO2_2:2,CO_3:2,HNO3_1:1;31;L3_11
241006;2026-05-31;42.798874;90.55273;China;Xinjiang Uygur;DAY;fire_type_1;C2H2_1:13,CH3OH_1:5,CO2_1:17,CO2_2:8,CO_3:10,HNO3_1:6,NH3_3:2,SO2_3:14;75;L3_12
241076;2026-05-31;14.908108;-177.6114;North Pacific Ocean;;NIGHT;Unclassified;HCOOH:2;2;L2_1
241078;2026-05-31;24.382153;-0.13418682;Algeria;Adrar;DAY;Unclassified;C2H2:1,C2H4:1,CaCO3:1,CH3OH:2,HNO3:1,CO:13,CO2:4,NH3:4,SO2:8;35;L2_2
241087;2026-05-31;20.53056;-13.520279;Mauritania;Adrar;DAY;Unclassified;CO:1;1;L2_4
241114;2026-05-31;34.476845;10.405591;Tunisia;Sfax;DAY;Unclassified;CO2:1;1;L2_5
241115;2026-05-31;39.715767;0.35289997;Balearic (Iberian Sea);;DAY;Unclassified;C2H4:1;1;L2_6
241116;2026-05-31;-7.581442;-86.340385;South Pacific Ocean;;DAY;Unclassified;CH3OH:2;2;L2_7
241118;2026-05-31;18.432304;71.76972;Arabian Sea;;NIGHT;Unclassified;NH3:2;2;L2_8
241120;2026-05-31;30.300364;-108.240234;Mexico;Chihuahua;DAY;Unclassified;HNO3:1,CO:3,CO2:10,SO2:3;17;L2_9
241131;2026-05-31;26.756126;50.862297;Persian Gulf;;NIGHT;Unclassified;HNO3:15,CO2:2,SO2:6;23;L2_12
241137;2026-05-31;38.034004;-105.726395;United States;Colorado;DAY;Unclassified;CO2:2;2;L2_13
241139;2026-05-31;12.028333;42.58497;Djibouti;Tadjoura;DAY;Unclassified;C2H4:2,CO2:1;3;L2_14
241142;2026-05-31;26.979368;52.12062;Persian Gulf;;DAY;Unclassified;C2H4:4,CaCO3:2,CH3OH:3,CO:21,CO2:9,NH3:4,SO2:25;68;L2_11
241197;2026-05-31;38.467182;54.169056;Turkmenistan;Balkan;DAY;Unclassified;CO:1;1;L2_15
241198;2026-05-31;21.527819;-2.5353773;Mali;Timbuktu;NIGHT;Unclassified;C2H4:1,HCOOH:5,HNO3:2,SO2:1;9;L2_3
241205;2026-05-31;29.790272;-176.36293;North Pacific Ocean;;DAY;Unclassified;CO2:2;2;L2_16
241209;2026-05-31;77.54872;-82.81016;Canada;Nunavut;DAY;Unclassified;NH3:2;2;L2_17
241211;2026-05-31;-8.230082;111.62472;Indonesia;Jawa Timur;NIGHT;Unclassified;NH3:2;2;L2_18
241213;2026-05-31;-26.8086;16.520388;Namibia;!Karas;NIGHT;Unclassified;HNO3:1;1;L2_19
241214;2026-05-31;28.95731;121.64206;China;Zhejiang;DAY;Unclassified;NH3:2;2;L2_20
241216;2026-05-31;34.144535;115.7737;China;Henan;DAY;Unclassified;CaCO3:1,NH3:2;3;L2_21
241218;2026-05-31;34.61689;129.7033;Japan Sea;;DAY;Unclassified;CO2:1;1;L2_22
241220;2026-05-31;36.4861;125.4861;Yellow Sea;;DAY;Unclassified;NH3:2;2;L2_23
241244;2026-05-31;-1.37429;29.221888;Congo DRC;Nord-Kivu;NIGHT;Unclassified;CO2:1;1;L2_24
241245;2026-05-31;18.5528;32.31532;Sudan;Northern;NIGHT;Unclassified;CO2:1;1;L2_26
241246;2026-05-31;67.987755;-123.03348;Canada;Northwest Territories;DAY;Unclassified;HCOOH:2;2;L2_27
241248;2026-05-31;35.86653;-34.433483;North Atlantic Ocean;;NIGHT;Unclassified;NH3:2;2;L2_28
241250;2026-05-31;22.225832;24.293007;Libya;Al Kufrah;DAY;Unclassified;CH3OH:3,HCN:1,HNO3:4,CO:11,CO2:12,NH3:1,SO2:2;34;L2_25
241283;2026-05-31;31.028189;14.938048;Libya;Misratah;DAY;Unclassified;HNO3:1;1;L2_29
241285;2026-05-31;-68.50607;-63.01861;INCONNU;INCONNU;NIGHT;Unclassified;NH3:1;1;L2_30
241286;2026-05-31;27.200502;87.90898;Nepal;East;DAY;Unclassified;HCOOH:2;2;L2_31
241288;2026-05-31;43.224808;85.31027;China;Xinjiang Uygur;DAY;Unclassified;C2H4:4,CaCO3:2,CH3OH:1,HCOOH:1,HNO3:1,CO:11,CO2:7,NH3:5,SO2:2;34;L2_32
241296;2026-05-31;-75.53419;-83.37399;Antarctica;;NIGHT;Unclassified;NH3:2;2;L2_33
241298;2026-05-31;-23.026987;-63.16426;Argentina;Salta;DAY;Unclassified;NH3:2;2;L2_34
241300;2026-05-31;61.41298;143.20764;Russian Federation;Khabarovsk;DAY;Unclassified;NH3:2;2;L2_35
241302;2026-05-31;-12.094867;-96.718704;South Pacific Ocean;;NIGHT;Unclassified;CO2:2;2;L2_36
241304;2026-05-31;13.346185;-106.199455;North Pacific Ocean;;NIGHT;Unclassified;CH3OH:2;2;L2_37
241306;2026-05-31;25.42667;78.60867;India;Uttar Pradesh;DAY;Unclassified;NH3:1;1;L2_38
241310;2026-05-31;29.318636;74.86878;India;Rajasthan;DAY;Unclassified;CO2:1,NH3:2;3;L2_39
241323;2026-05-31;36.705612;-114.79925;United States;Nevada;NIGHT;Unclassified;HNO3:1;1;L2_10
241324;2026-05-31;37.43015;69.437;Afghanistan;Takhar;DAY;Unclassified;NH3:1,SO2:1;2;L2_40
241337;2026-05-31;44.515923;69.41624;Kazakhstan;South Kazakhstan;DAY;Unclassified;CO:1;1;L2_41
241354;2026-06-01;20.188368;30.583103;Sudan;Northern;DAY;fire_type_1;C2H4_1:3,CO2_1:21,CO2_2:6,CO2_3:2,CO_3:12,HCOOH_1:1;45;L3_4
241359;2026-06-01;22.708607;53.404556;Saudi Arabia;Ash-Sharqīyah;DAY;fire_type_1;C2H4_1:20,CO2_1:147,CO2_2:27,CO2_3:18,CO_3:92,HCOOH_1:19,HNO3_1:314;637;L3_5
241370;2026-06-01;18.311525;53.08889;Oman;Dhofar;NIGHT;others;C2H4_1:2,CO2_1:1,CO2_2:2,HCOOH_1:3,HNO3_1:83,NH3_3:1,SO2_6:2;94;L3_3
241415;2026-06-01;24.465866;-1.2800034;Algeria;Adrar;DAY;fire_type_1;C2H4_1:8,CO2_1:51,CO2_2:9,CO2_3:13,CO_3:31,HCOOH_1:36,HNO3_1:36;184;L3_7
241457;2026-06-01;18.076864;-0.958714;Mali;Timbuktu;NIGHT;fire;HCOOH_1:10;10;L3_6
241664;2026-06-01;20.783936;-14.757362;Mauritania;Inchiri;DAY;fire_type_1;C2H4_1:2,CO2_1:3,CO2_2:2,CO_3:8;15;L3_8
242024;2026-06-01;27.99569;9.304182;Algeria;Illizi;DAY;others;CO2_1:2,CO2_3:2,HNO3_1:9;13;L3_9
242114;2026-06-01;29.026512;39.02512;Saudi Arabia;Al Jawf;DAY;fire_type_1;CO2_1:2,CO_3:2;4;L3_16
242167;2026-06-01;31.344748;-112.48361;Mexico;Sonora;DAY;fire;CO_1:1,CO_3:5;6;L3_10
242254;2026-06-01;33.836357;114.46121;China;Henan;DAY;fire;HCOOH_1:7;7;L3_11
242286;2026-06-01;34.518963;-112.00557;United States;Arizona;DAY;extrem;CO_1 CO_2 CO_3 CO2_1 Band_3;5;L3_1
242295;2026-06-01;38.849087;81.928185;China;Xinjiang Uygur;DAY;fire_type_1;CO2_1:123,CO2_2:3,CO_3:11,HNO3_1:8;145;L3_12
242297;2026-06-01;36.95392;118.798485;China;Shandong;DAY;extrem;NH3_1 NH3_2 NH3_3 Band_1;4;L3_2
242398;2026-06-01;40.83204;100.96168;China;Nei Mongol;DAY;fire_type_1;CO2_1:4,CO2_2:5,CO_3:3,SO2_3:6;18;L3_14
242424;2026-06-01;42.67089;94.029465;China;Xinjiang Uygur;DAY;fire_type_1;CO2_1:3,CO_3:10,HNO3_1:1,SO2_3:3;17;L3_13
242473;2026-06-01;45.431713;87.684586;China;Xinjiang Uygur;DAY;fire;CO2_1:3,CO2_2:1,NH3_3:1;5;L3_15
242479;2026-06-01;-76.01145;3.3859365;Antarctica;;NIGHT;Unclassified;NH3:2;2;L2_1
242481;2026-06-01;-0.4797928;-84.06211;South Pacific Ocean;;DAY;Unclassified;NH3:2;2;L2_2
242483;2026-06-01;35.070652;-72.48199;North Atlantic Ocean;;DAY;Unclassified;NH3:2;2;L2_3
242485;2026-06-01;15.799872;24.363474;Sudan;North Darfur;DAY;Unclassified;C2H2:1,CH3OH:1,HCOOH:2,CO:7,CO2:5,NH3:5;21;L2_4
242504;2026-06-01;26.72694;35.545578;Red Sea;;DAY;Unclassified;C2H4:1,CaCO3:1,CH3OH:2,HNO3:5,CO:13,CO2:6,NH3:1,SO2:3;32;L2_5
242531;2026-06-01;31.393925;22.123596;Libya;Darnah;DAY;Unclassified;HNO3:2,CO2:1;3;L2_7
242539;2026-06-01;-42.03062;58.94218;Indian Ocean;;DAY;Unclassified;NH3:2;2;L2_8
242541;2026-06-01;38.681526;88.32773;China;Xinjiang Uygur;DAY;Unclassified;C2H2:3,C2H4:8,CaCO3:3,CH3OH:1,HCOOH:3,HNO3:2,CO:9,CO2:17,NH3:2,SO2:14;62;L2_9
242554;2026-06-01;31.004152;85.68679;China;Xizang;DAY;Unclassified;SO2:1;1;L2_11
242583;2026-06-01;4.95361;26.329607;Congo DRC;Bas-Uele;NIGHT;Unclassified;HCN:1;1;L2_12
242584;2026-06-01;21.253157;34.842655;Sudan;Red Sea;NIGHT;Unclassified;C2H4:1,CO2:2,NH3:1;4;L2_6
242587;2026-06-01;-15.446378;-1.7505299;South Atlantic Ocean;;NIGHT;Unclassified;NH3:1;1;L2_13
242588;2026-06-01;18.990877;-8.21738;Mauritania;Hodh ech Chargui;NIGHT;Unclassified;HCN:1;1;L2_14
242589;2026-06-01;34.72058;-16.69654;North Atlantic Ocean;;NIGHT;Unclassified;NH3:2;2;L2_15
242591;2026-06-01;-66.09017;-64.62633;Antarctica;;NIGHT;Unclassified;C2H4:1,NH3:1;2;L2_16
242592;2026-06-01;-26.926588;-62.830894;Argentina;Santiago del Estero;NIGHT;Unclassified;CO:1;1;L2_17
242593;2026-06-01;-12.634761;126.637054;Timor Sea;;DAY;Unclassified;NH3:2;2;L2_18
242595;2026-06-01;28.09529;-104.36531;Mexico;Chihuahua;DAY;Unclassified;CO:1,CO2:1;2;L2_19
242596;2026-06-01;36.053524;-116.18241;United States;California;DAY;Unclassified;C2H4:1,CH3OH:1,HCN:1,HNO3:4,CO:2,CO2:10,SO2:1;20;L2_20
242598;2026-06-01;17.48438;-2.0654688;Mali;Timbuktu;DAY;Unclassified;CO:1,NH3:2;3;L2_21
242600;2026-06-01;18.067219;4.325259;Niger;Tahoua;DAY;Unclassified;CO:1;1;L2_22
242602;2026-06-01;28.87692;4.805937;Algeria;Tamanghasset;DAY;Unclassified;C2H2:2,C2H4:2,CaCO3:1,CH3OH:1,HCOOH:1,HNO3:4,CO:5,CO2:5,NH3:5,SO2:6;32;L2_23
242634;2026-06-01;65.06188;37.725563;White Sea;;DAY;Unclassified;NH3:2;2;L2_25
242636;2026-06-01;-5.0133624;94.34947;Indian Ocean;;DAY;Unclassified;CO:2;2;L2_26
242638;2026-06-01;35.06633;115.169716;China;Shandong;DAY;Unclassified;HCOOH:2,NH3:3;5;L2_27
242663;2026-06-01;44.67398;122.41216;China;Jilin;DAY;Unclassified;CH3OH:1;1;L2_29
242665;2026-06-01;73.3564;143.61942;East Siberian Sea;;DAY;Unclassified;NH3:2;2;L2_30
242667;2026-06-01;-6.4665155;137.34311;Arafura Sea;;NIGHT;Unclassified;SO2:2;2;L2_31
242669;2026-06-01;38.40625;115.70905;China;Hebei;NIGHT;Unclassified;NH3:1;1;L2_28
242670;2026-06-01;42.12879;126.29517;China;Jilin;NIGHT;Unclassified;HNO3:1,NH3:1;2;L2_32
242671;2026-06-01;79.797775;61.51617;Barentsz Sea;;DAY;Unclassified;NH3:2;2;L2_33
242673;2026-06-01;-42.04627;-160.07109;South Pacific Ocean;;DAY;Unclassified;NH3:3;3;L2_34
242676;2026-06-01;20.524033;14.364809;Niger;Agadez;NIGHT;Unclassified;CaCO3:1;1;L2_35
242677;2026-06-01;28.271729;4.3985033;Algeria;Tamanghasset;NIGHT;Unclassified;HNO3:6;6;L2_24
242684;2026-06-01;-10.063419;-117.97851;South Pacific Ocean;;NIGHT;Unclassified;CO2:2;2;L2_36
242686;2026-06-01;40.96882;79.652245;China;Xinjiang Uygur;NIGHT;Unclassified;HNO3:1;1;L2_10
242687;2026-06-01;-8.530578;65.687355;Indian Ocean;;NIGHT;Unclassified;CO2:2;2;L2_37
242689;2026-06-01;18.659645;63.248997;Arabian Sea;;NIGHT;Unclassified;SO2:2;2;L2_38
242691;2026-06-01;29.28994;56.78146;Iran;Kerman;NIGHT;Unclassified;C2H4:1,HNO3:8,CO2:1,SO2:7;17;L2_40
242724;2026-06-01;22.0692;-21.679722;North Atlantic Ocean;;DAY;Unclassified;HNO3:1,NH3:1;2;L2_41
242725;2026-06-01;22.592268;-13.681888;Morocco;Oued el Dahab;DAY;Unclassified;SO2:1;1;L2_42
242726;2026-06-01;4.8412814;-128.19246;North Pacific Ocean;;DAY;Unclassified;HCOOH:2;2;L2_43
242728;2026-06-01;18.563974;-128.53877;North Pacific Ocean;;DAY;Unclassified;NH3:2;2;L2_44
242732;2026-06-01;29.263704;53.496178;Iran;Fars;DAY;Unclassified;C2H4:1,CaCO3:6,CH3OH:2,HCN:3,HCOOH:1,HNO3:1,CO:20,CO2:16,NH3:12,SO2:14;76;L2_39
242801;2026-06-01;41.76593;67.23698;Kazakhstan;South Kazakhstan;DAY;Unclassified;C2H2:1,NH3:2;3;L2_45
242808;2026-06-01;45.717194;72.41531;Kazakhstan;Zhambyl;DAY;Unclassified;CO2:1;1;L2_46
242809;2026-06-01;51.509045;76.81359;Kazakhstan;Pavlodar;DAY;Unclassified;CO2:1;1;L2_47
242810;2026-06-02;16.852365;31.676363;Sudan;Northern;DAY;fire_type_1;CO2_1:8,CO2_2:1,CO_3:9,HCOOH_1:1,HNO3_1:1;20;L3_6
242811;2026-06-02;22.978254;-9.784415;Mauritania;Tiris Zemmour;DAY;fire_type_1;C2H4_1:15,CO2_1:25,CO2_2:4,CO_3:43,HCOOH_1:1,HNO3_1:5;93;L3_4
242813;2026-06-02;23.264002;54.779182;United Arab Emirates;Abu Dhabi;DAY;fire_type_1;C2H4_1:20,CO2_1:141,CO2_2:16,CO2_3:13,CO_2:9,CO_3:58,HCOOH_1:18,HNO3_1:252,NH3_2:0;527;L3_8
242831;2026-06-02;23.874176;-0.037030127;Algeria;Adrar;DAY;fire_type_1;C2H4_1:5,CO2_1:15,CO2_2:6,CO2_3:2,CO_3:15,HCOOH_1:11,HNO3_1:18;72;L3_10
242840;2026-06-02;16.887535;6.4907837;Niger;Agadez;DAY;fire_type_1;C2H4_1:1,CO2_1:2,CO_3:1;4;L3_11
242849;2026-06-02;18.488543;14.149735;Niger;Agadez;DAY;fire_type_1;C2H4_1:2,CO2_1:2,CO2_3:2,CO_3:5;11;L3_12
242870;2026-06-02;19.0699;54.53271;Oman;Dhofar;NIGHT;others;C2H4_1:3,HCOOH_1:3,HNO3_1:37,SO2_1:2,SO2_6:4;49;L3_5
243148;2026-06-02;25.14263;41.04135;Saudi Arabia;Al Madinah;DAY;fire_type_1;C2H4_1:11,CO2_1:21,CO2_2:3,CO_3:23,HCOOH_1:1,HNO3_1:2;61;L3_13
243197;2026-06-02;22.518984;45.323864;Saudi Arabia;Ar Riyad;NIGHT;others;HNO3_1:5,NH3_3:1,SO2_6:2;8;L3_7
243198;2026-06-02;23.852781;32.223263;Egypt;Aswan;DAY;fire_type_1;CO2_1:9,CO2_2:6,CO2_3:4,CO_3:5,HCOOH_1:1,HNO3_1:1;26;L3_14
243349;2026-06-02;26.07104;53.894367;Persian Gulf;;NIGHT;others;SO2_6:9;9;L3_9
243385;2026-06-02;30.099651;12.62136;Libya;Al Jabal al Gharbi;DAY;fire_type_1;C2H4_1:2,CO2_1:14,CO2_2:2,CO_3:2,HNO3_1:34;54;L3_15
243535;2026-06-02;35.72071;-114.9079;United States;Nevada;DAY;fire_type_1;CO2_1:2,CO2_2:12,CO_3:11,HCOOH_1:2,HNO3_1:3,NH3_3:1;31;L3_16
243667;2026-06-02;34.064938;115.59942;China;Henan;DAY;fire;HCOOH_1:14,NH3_2:3,NH3_3:5;22;L3_17
243736;2026-06-02;39.43292;84.90269;China;Xinjiang Uygur;DAY;fire_type_1;C2H4_1:7,CO2_1:152,CO2_2:8,CO_2:4,CO_3:25,HNO3_1:3,NH3_3:1;200;L3_19
243744;2026-06-02;40.440502;63.71025;Uzbekistan;Buxoro;DAY;fire_type_1;CO2_1:14,CO2_2:7,CO_2:2,CO_3:9;32;L3_18
243915;2026-06-02;40.65973;109.67523;China;Nei Mongol;DAY;extrem;CO_2 CO_3 Band_1 Band_3;4;L3_3
243972;2026-06-02;53.3086;-124.07935;Canada;British Columbia;NIGHT;extrem;CO_1 CO_2 CO_3 CO2_1 CO2_2 Band_3;6;L3_2
243973;2026-06-02;55.409378;-100.48835;Canada;Manitoba;NIGHT;extrem;CO_1 CO_2 CO_3 CO2_1 Band_3;5;L3_1
243974;2026-06-02;12.081377;54.12722;Arabian Sea;;DAY;Unclassified;C2H4:2;2;L2_1
243976;2026-06-02;33.908512;68.37092;Afghanistan;Ghazni;DAY;Unclassified;C2H4:8,CaCO3:3,CH3OH:1,HCOOH:7,HNO3:7,CO:21,CO2:16,NH3:21,SO2:35;119;L2_2
244040;2026-06-02;42.226723;-123.763115;United States;Oregon;NIGHT;Unclassified;NH3:2;2;L2_5
244051;2026-06-02;-3.9707396;-156.04062;South Pacific Ocean;;DAY;Unclassified;SO2:1;1;L2_6
244052;2026-06-02;62.700523;-125.87956;Canada;Northwest Territories;DAY;Unclassified;HNO3:1;1;L2_8
244053;2026-06-02;63.62393;-104.621544;Canada;Northwest Territories;DAY;Unclassified;HCN:1;1;L2_9
244054;2026-06-02;-7.372579;-1.4772599;South Atlantic Ocean;;NIGHT;Unclassified;CH3OH:1;1;L2_10
244055;2026-06-02;-6.1801233;-178.142;South Pacific Ocean;;DAY;Unclassified;HCOOH:2,NH3:2;4;L2_11
244059;2026-06-02;-70.56172;-63.22609;Antarctica;;NIGHT;Unclassified;C2H4:1;1;L2_12
244060;2026-06-02;23.123615;-0.038704317;Algeria;Adrar;DAY;Unclassified;C2H2:2,C2H4:1,CaCO3:1,CH3OH:3,HCOOH:1,HNO3:2,CO:22,CO2:12,NH3:15,SO2:18;77;L2_13
244108;2026-06-02;28.973877;28.961159;Egypt;Matrouh;DAY;Unclassified;C2H2:1,HNO3:4,CO:5,CO2:2,NH3:3;15;L2_15
244114;2026-06-02;-51.500137;57.677914;Indian Ocean;;DAY;Unclassified;HNO3:2;2;L2_17
244116;2026-06-02;20.34216;81.650635;India;Chhattisgarh;DAY;Unclassified;CO:6;6;L2_18
244163;2026-06-02;-32.76103;-154.49515;South Pacific Ocean;;NIGHT;Unclassified;NH3:2;2;L2_20
244165;2026-06-02;-5.2900696;-160.75041;South Pacific Ocean;;NIGHT;Unclassified;CH3OH:1,HNO3:1,NH3:1;3;L2_7
244167;2026-06-02;4.3511786;-166.10733;North Pacific Ocean;;NIGHT;Unclassified;C2H4:2;2;L2_21
244169;2026-06-02;23.454504;-5.102097;Mali;Timbuktu;NIGHT;Unclassified;C2H4:1,HNO3:3,CO:1,CO2:1,SO2:3;9;L2_14
244174;2026-06-02;79.3131;-74.24173;Baffin Bay;;DAY;Unclassified;HCOOH:3;3;L2_22
244177;2026-06-02;18.081087;85.9983;Bay of Bengal;;NIGHT;Unclassified;CO:2;2;L2_19
244179;2026-06-02;30.570019;-90.017784;United States;Louisiana;DAY;Unclassified;NH3:2;2;L2_23
244181;2026-06-02;35.504845;-86.637115;United States;Tennessee;DAY;Unclassified;NH3:2;2;L2_24
244183;2026-06-02;28.16943;56.576202;Iran;Kerman;NIGHT;Unclassified;HNO3:9,CO:1,CO2:1,NH3:2,SO2:2;15;L2_3
244185;2026-06-02;39.41503;-78.092636;United States;West Virginia;DAY;Unclassified;C2H2:1;1;L2_25
244186;2026-06-02;40.799206;-90.17269;United States;Illinois;DAY;Unclassified;NH3:2;2;L2_26
244188;2026-06-02;-26.347614;140.25499;Australia;South Australia;NIGHT;Unclassified;CO2:2;2;L2_27
244190;2026-06-02;-17.12511;148.50333;Coral Sea;;NIGHT;Unclassified;NH3:2;2;L2_28
244192;2026-06-02;34.69533;112.69779;China;Henan;DAY;Unclassified;NH3:2;2;L2_29
244194;2026-06-02;42.94532;124.88607;China;Jilin;DAY;Unclassified;NH3:1;1;L2_30
244195;2026-06-02;18.68563;-70.42593;Dominican Republic;San José de Ocoa;DAY;Unclassified;NH3:2;2;L2_31
244197;2026-06-02;10.642257;39.45342;Ethiopia;Amhara;NIGHT;Unclassified;NH3:2;2;L2_32
244202;2026-06-02;28.798893;29.903093;Egypt;Bani Suwayf;NIGHT;Unclassified;HCOOH:4,HNO3:4;8;L2_16
244210;2026-06-02;-69.566124;-0.5631119;Southern Ocean;;NIGHT;Unclassified;SO2:2;2;L2_33
244212;2026-06-02;-30.183062;-50.11039;South Atlantic Ocean;;NIGHT;Unclassified;NH3:2;2;L2_34
244214;2026-06-02;-27.573217;17.023308;Namibia;!Karas;DAY;Unclassified;HNO3:1;1;L2_35
244215;2026-06-02;-26.936625;22.508102;South Africa;Northern Cape;DAY;Unclassified;CO2:2;2;L2_36
244217;2026-06-02;-1.4101399;29.15305;Congo DRC;Nord-Kivu;DAY;Unclassified;CO2:1;1;L2_37
244218;2026-06-02;11.415903;19.238487;Chad;Salamat;DAY;Unclassified;HCOOH:2;2;L2_38
244220;2026-06-02;15.947429;31.467724;Sudan;North Kurdufan;DAY;Unclassified;CO:5,CO2:1,NH3:2,SO2:2;10;L2_39
244226;2026-06-02;16.738161;23.627031;Chad;Ennedi Est;DAY;Unclassified;CaCO3:1,HCOOH:1,CO2:1,SO2:1;4;L2_40
244232;2026-06-02;22.867687;41.739517;Saudi Arabia;Makkah;DAY;Unclassified;CO:3,SO2:1;4;L2_42
244254;2026-06-02;40.51419;33.819054;Turkiye;Çankiri;DAY;Unclassified;HNO3:2;2;L2_43
244256;2026-06-02;56.952663;52.79249;Russian Federation;Udmurt;DAY;Unclassified;NH3:2;2;L2_44
244258;2026-06-02;-7.5196595;-41.258736;Brazil;Piauí;NIGHT;Unclassified;C2H4:1;1;L2_45
244259;2026-06-02;72.1256;-77.71785;Canada;Nunavut;DAY;Unclassified;NH3:2;2;L2_46
244261;2026-06-02;-22.788572;-32.45143;South Atlantic Ocean;;NIGHT;Unclassified;SO2:2;2;L2_47
244263;2026-06-02;-25.754738;-124.100006;South Pacific Ocean;;DAY;Unclassified;NH3:2;2;L2_48
244265;2026-06-02;-2.55277;-125.94212;South Pacific Ocean;;DAY;Unclassified;HNO3:1,NH3:1;2;L2_49
244269;2026-06-02;32.133076;-113.15623;United States;Arizona;DAY;Unclassified;C2H2:1,C2H4:2,HCOOH:1,HNO3:1,CO:4,CO2:12,NH3:2,SO2:7;30;L2_4
244306;2026-06-02;-48.052914;-115.4456;South Pacific Ocean;;NIGHT;Unclassified;HNO3:2;2;L2_50
244308;2026-06-02;-27.522673;39.810303;Indian Ocean;;DAY;Unclassified;NH3:2;2;L2_51
244310;2026-06-02;19.144016;-141.11604;North Pacific Ocean;;NIGHT;Unclassified;NH3:2;2;L2_52
244312;2026-06-02;23.915014;-151.02742;North Pacific Ocean;;NIGHT;Unclassified;NH3:2;2;L2_53
244337;2026-06-02;55.99681;153.4596;Sea of Okhotsk;;NIGHT;Unclassified;SO2:3;3;L2_54
244340;2026-06-02;19.625446;-92.16505;Gulf of Mexico;;DAY;Unclassified;SO2:2;2;L2_55
244342;2026-06-02;16.716473;20.355803;Chad;Borkou;NIGHT;Unclassified;HCOOH:1;1;L2_41
244347;2026-06-03;-6.6694765;21.709833;Congo DRC;Kasaï-Central;NIGHT;extrem;CO_1 CO_2 CO_3 CO2_1 Band_3;5;L3_1
244349;2026-06-03;14.914121;13.067719;Niger;Diffa;DAY;fire_type_1;CO2_1:11,CO_3:2,HNO3_1:1;14;L3_2
244357;2026-06-03;18.30101;35.169956;Sudan;Red Sea;DAY;fire_type_1;C2H4_1:5,CO2_1:4,CO2_2:4,CO_3:4,SO2_3:1;18;L3_4
244359;2026-06-03;18.200487;50.681683;Yemen;Hadramawt;NIGHT;others;HCOOH_1:13,HNO3_1:36,NH3_3:1,SO2_1:6,SO2_6:1;57;L3_3
244362;2026-06-03;24.53287;-5.6731095;Mali;Timbuktu;DAY;fire_type_1;C2H4_1:32,CO2_1:134,CO2_2:23,CO_3:102,HNO3_1:13,SO2_3:17;321;L3_6
244369;2026-06-03;16.464016;19.56274;Chad;Borkou;DAY;fire;C2H4_1:1,CO_3:3;4;L3_8
244371;2026-06-03;24.028969;45.005215;Saudi Arabia;Ar Riyad;DAY;fire_type_1;C2H4_1:27,CO2_1:65,CO2_2:8,CO_3:57,HNO3_1:20,SO2_3:12;189;L3_10
244372;2026-06-03;19.60642;54.294163;Oman;Dhofar;DAY;fire_type_1;C2H4_1:19,CO2_1:27,CO2_2:1,CO_3:14,HNO3_1:109;170;L3_11
244455;2026-06-03;18.6906;-1.6299082;Mali;Timbuktu;NIGHT;others;HCOOH_1:11,SO2_6:1;12;L3_5
244807;2026-06-03;24.582716;33.654724;Egypt;Al Bahr al Ahmar;DAY;others;CO2_1:2,CO2_2:3,HNO3_1:1;6;L3_12
244871;2026-06-03;29.179342;61.905334;Pakistan;Balochistan;DAY;fire_type_1;C2H4_1:1,CO2_1:28,CO2_2:10,CO_3:21,HNO3_1:10,NH3_2:1;71;L3_13
244888;2026-06-03;28.414568;73.09745;India;Rajasthan;DAY;fire_type_1;CO2_1:4,CO2_2:4,CO_3:2,NH3_1:7,NH3_2:9;26;L3_14
244927;2026-06-03;29.647135;12.70174;Libya;Al Jabal al Gharbi;DAY;fire_type_1;C2H4_1:3,CO2_1:17,CO2_2:1,CO_3:4,HNO3_1:30;55;L3_15
245005;2026-06-03;32.548157;-111.871735;United States;Arizona;DAY;fire_type_1;CO2_1:17,CO2_2:5,CO2_3:7,CO_3:11,HNO3_1:1,NH3_3:1,SO2_3:5,SO2_6:1;48;L3_16
245134;2026-06-03;32.23766;55.76079;Iran;Yazd;NIGHT;others;HNO3_1:7;7;L3_7
245231;2026-06-03;39.696274;90.33317;China;Xinjiang Uygur;DAY;fire_type_1;CO2_1:32,CO2_2:5,CO2_3:6,CO_1:3,CO_2:4,CO_3:6,HNO3_1:7;63;L3_17
245292;2026-06-03;42.891293;68.23799;Kazakhstan;South Kazakhstan;DAY;fire_type_1;CO2_1:3,CO_2:1,CO_3:5;9;L3_18
245309;2026-06-03;44.6203;64.12277;Kazakhstan;Qyzylorda;NIGHT;calcite;CaCO3_1:6;6;L3_9
245316;2026-06-03;21.632387;-121.2562;North Pacific Ocean;;DAY;Unclassified;NH3:2;2;L2_1
245318;2026-06-03;32.336594;-113.47595;United States;Arizona;DAY;Unclassified;C2H4:3,HCOOH:1,HNO3:3,CO:3,CO2:5,NH3:1,SO2:1;17;L2_2
245335;2026-06-03;41.66293;-108.177315;United States;Wyoming;DAY;Unclassified;CO2:1;1;L2_3
245336;2026-06-03;-14.546482;125.781654;Australia;Western Australia;NIGHT;Unclassified;NH3:2;2;L2_4
245338;2026-06-03;8.081445;156.15259;North Pacific Ocean;;NIGHT;Unclassified;HCOOH:2;2;L2_5
245340;2026-06-03;-70.42883;-64.68698;Antarctica;;NIGHT;Unclassified;NH3:1;1;L2_6
245341;2026-06-03;37.130135;106.50911;China;Ningxia Hui;DAY;Unclassified;HCOOH:1;1;L2_7
245342;2026-06-03;43.76631;109.08615;Mongolia;Dornogovi;DAY;Unclassified;CO2:1;1;L2_8
245343;2026-06-03;16.439707;-93.08414;Mexico;Chiapas;DAY;Unclassified;CO2:2;2;L2_9
245345;2026-06-03;31.79039;-76.39068;North Atlantic Ocean;;DAY;Unclassified;CH3OH:1;1;L2_10
245346;2026-06-03;40.828613;89.48125;China;Xinjiang Uygur;NIGHT;Unclassified;HNO3:3;3;L2_12
245349;2026-06-03;32.45662;-42.513027;North Atlantic Ocean;;NIGHT;Unclassified;NH3:2;2;L2_13
245351;2026-06-03;66.74462;-148.9222;United States;Alaska;DAY;Unclassified;CaCO3:1;1;L2_14
245352;2026-06-03;15.074394;-104.47504;North Pacific Ocean;;NIGHT;Unclassified;NH3:2;2;L2_15
245354;2026-06-03;21.570278;2.8742576;Algeria;Tamanghasset;DAY;Unclassified;C2H2:1,C2H4:2,CH3OH:2,HCN:1,HCOOH:5,HNO3:3,CO:9,CO2:13,NH3:6,SO2:7;49;L2_16
245373;2026-06-03;31.491247;-3.0895498;Algeria;Béchar;DAY;Unclassified;CO:1;1;L2_18
245374;2026-06-03;-15.7931795;-72.093796;Peru;Arequipa;DAY;Unclassified;SO2:1;1;L2_19
245375;2026-06-03;-0.69282085;92.25341;Indian Ocean;;NIGHT;Unclassified;NH3:2;2;L2_20
245377;2026-06-03;22.84905;1.0771407;Algeria;Adrar;NIGHT;Unclassified;HCOOH:5,HNO3:2,NH3:2;9;L2_17
245382;2026-06-03;-11.192971;68.11774;Indian Ocean;;NIGHT;Unclassified;SO2:2;2;L2_21
245384;2026-06-03;24.047411;52.805294;United Arab Emirates;Abu Dhabi;NIGHT;Unclassified;C2H4:1,CaCO3:1,HNO3:9,CO:1,CO2:4,NH3:2,SO2:5;23;L2_23
245395;2026-06-03;27.262697;53.419968;Iran;Fars;DAY;Unclassified;C2H2:1,C2H4:6,CaCO3:4,CH3OH:3,HCOOH:11,HNO3:5,CO:35,CO2:19,NH3:13,SO2:7;104;L2_22
245402;2026-06-03;28.993198;89.58047;China;Xizang;DAY;Unclassified;CO:1,CO2:2,SO2:2;5;L2_24
245406;2026-06-03;35.23112;79.9065;China;Xinjiang Uygur;DAY;Unclassified;SO2:1;1;L2_25
245407;2026-06-03;45.301483;87.77458;China;Xinjiang Uygur;DAY;Unclassified;C2H2:1,C2H4:1,CH3OH:1,HCN:1,HCOOH:1,HNO3:2,CO:3,CO2:6,NH3:2,SO2:5;23;L2_11
245470;2026-06-03;40.793877;54.668804;Turkmenistan;Balkan;DAY;Unclassified;C2H2:1,C2H4:1,CH3OH:1,HNO3:1;4;L2_26
245473;2026-06-03;2.85009;23.240189;Congo DRC;Bas-Uele;NIGHT;Unclassified;C2H2:1,NH3:1;2;L2_27
245478;2026-06-03;74.56868;-105.47789;The Northwestern Passages;;DAY;Unclassified;CH3OH:2;2;L2_28
245480;2026-06-03;-42.17159;39.48326;Indian Ocean;;DAY;Unclassified;NH3:2;2;L2_29
245531;2026-06-03;44.287495;59.76073;Uzbekistan;Qaraqalpaqstan;DAY;Unclassified;CaCO3:1;1;L2_30
245555;2026-06-03;63.20283;-126.03127;Canada;Northwest Territories;DAY;Unclassified;HNO3:1;1;L2_31
245556;2026-06-03;-9.642719;-146.2649;South Pacific Ocean;;DAY;Unclassified;NH3:1;1;L2_32
245564;2026-06-03;16.2128;0.058208756;Mali;Gao;DAY;Unclassified;C2H4:1,HCOOH:1;2;L2_33
245574;2026-06-03;21.173529;8.48245;Niger;Agadez;DAY;Unclassified;CO:1;1;L2_34
245579;2026-06-03;29.197405;22.51848;Libya;Al Wahat;DAY;Unclassified;C2H2:2,HCOOH:1,HNO3:3,CO:4,NH3:2;12;L2_35
245602;2026-06-03;-78.74642;-99.74042;Antarctica;;NIGHT;Unclassified;NH3:2;2;L2_36
245604;2026-06-04;-12.233659;-57.2838;Brazil;Mato Grosso;NIGHT;extrem;CO_1 CO_2 CO_3 CO2_1 Band_3;5;L3_2
245605;2026-06-04;22.019089;48.302345;Saudi Arabia;Ash-Sharqīyah;DAY;fire_type_1;C2H4_1:44,CO2_1:193,CO2_2:20,CO2_3:12,CO_3:111,HNO3_1:114,SO2_6:26;520;L3_4
245611;2026-06-04;17.687298;50.657066;Yemen;Hadramawt;NIGHT;others;C2H4_1:2,CaCO3_1:1,HNO3_1:76,NH3_3:3,SO2_6:7;89;L3_3
245646;2026-06-04;24.987665;-2.6827757;Algeria;Adrar;DAY;fire_type_1;C2H4_1:12,CO2_1:184,CO2_2:16,CO2_3:14,CO_3:72,HNO3_1:28,SO2_6:5;331;L3_6
245673;2026-06-04;17.915339;-1.1355305;Mali;Timbuktu;NIGHT;others;C2H4_1:1,HCOOH_1:8,HNO3_1:1,NH3_3:1,SO2_6:1;12;L3_5
245750;2026-06-04;19.892378;34.65701;Sudan;Red Sea;DAY;fire_type_1;CO2_1:1,CO_3:4;5;L3_7
245795;2026-06-04;20.598911;57.09976;Oman;Al Wusta;DAY;fire_type_1;C2H4_1:1,CO2_2:1,CO_3:2,HNO3_1:13;17;L3_8
246177;2026-06-04;24.666471;17.892754;Libya;Murzuq;DAY;fire_type_1;CO2_1:2,CO_3:2,SO2_6:1;5;L3_9
246221;2026-06-04;27.934074;63.18598;Pakistan;Balochistan;DAY;fire_type_1;C2H4_1:3,CO2_1:8,CO2_2:1,CO_3:12,HNO3_1:5;29;L3_10
246270;2026-06-04;28.075853;-113.62052;Mexico;Baja California;DAY;others;CO2_2:3,SO2_6:2;5;L3_11
246277;2026-06-04;29.089073;13.769427;Libya;Wadi ash Shati';DAY;fire_type_1;CO2_1:10,CO_3:9,HNO3_1:30;49;L3_12
246290;2026-06-04;29.349537;26.18867;Egypt;Matrouh;DAY;fire_type_1;C2H4_1:3,CO2_1:8,CO2_2:4,CO_3:1,HNO3_1:17;33;L3_13
246355;2026-06-04;31.174006;73.90254;Pakistan;Punjab;DAY;fire;HCOOH_1:18,NH3_2:8;26;L3_14
246594;2026-06-04;33.65478;114.47168;China;Henan;DAY;fire;HCOOH_1:9;9;L3_15
246611;2026-06-04;34.69185;-113.35317;United States;Arizona;DAY;fire_type_1;C2H4_1:1,CO2_1:1,CO2_2:1,CO_3:3,NH3_3:1,SO2_6:3;10;L3_16
246626;2026-06-04;38.543346;94.82713;China;Qinghai;DAY;fire_type_1;CO2_1:7,CO2_2:5,CO_3:3,HNO3_1:2;17;L3_17
246643;2026-06-04;45.29549;67.40031;Kazakhstan;South Kazakhstan;DAY;others;CO2_1:1,CO2_2:2,CaCO3_1:6,NH3_3:3;12;L3_18
246655;2026-06-04;60.54231;-113.00684;Canada;Northwest Territories;DAY;extrem;CO_1 CO_2 CO_3 Band_3;4;L3_1
246656;2026-06-04;-81.57007;170.85706;Southern Ocean;;NIGHT;Unclassified;HNO3:1;1;L2_1
246657;2026-06-04;-80.502594;162.50102;Southern Ocean;;NIGHT;Unclassified;HNO3:1;1;L2_2
246658;2026-06-04;-47.626236;158.75589;Tasman Sea;;DAY;Unclassified;C2H4:2;2;L2_3
246660;2026-06-04;12.781384;176.9646;North Pacific Ocean;;DAY;Unclassified;NH3:2;2;L2_4
246662;2026-06-04;-40.146477;-169.25642;South Pacific Ocean;;NIGHT;Unclassified;HCN:2;2;L2_5
246664;2026-06-04;14.214726;171.70528;North Pacific Ocean;;NIGHT;Unclassified;HCOOH:2;2;L2_6
246666;2026-06-04;28.06823;-111.00271;Mexico;Sonora;DAY;Unclassified;C2H4:1,HCOOH:2,CO:5,CO2:3,NH3:1,SO2:1;13;L2_7
246672;2026-06-04;27.589972;68.086754;Pakistan;Sindh;NIGHT;Unclassified;CO:2;2;L2_9
246680;2026-06-04;36.78277;-111.38773;United States;Arizona;DAY;Unclassified;HNO3:1,CO:3,CO2:4,NH3:1;9;L2_10
246688;2026-06-04;40.525085;-101.46869;United States;Nebraska;DAY;Unclassified;C2H4:1,NH3:1;2;L2_12
246689;2026-06-04;-43.30551;-120.1336;South Pacific Ocean;;NIGHT;Unclassified;NH3:2;2;L2_13
246691;2026-06-04;-31.222425;-121.10862;South Pacific Ocean;;NIGHT;Unclassified;HCOOH:2;2;L2_14
246693;2026-06-04;28.996412;73.04174;India;Rajasthan;DAY;Unclassified;C2H4:2,CaCO3:1,HCOOH:1,CO:4,CO2:6,NH3:8;22;L2_8
246698;2026-06-04;24.556963;38.026184;Saudi Arabia;Al Madinah;DAY;Unclassified;C2H2:2,CaCO3:2,CH3OH:4,HCOOH:2,HNO3:2,CO:28,CO2:6,NH3:11,SO2:6;63;L2_15
246716;2026-06-04;40.767143;95.03659;China;Gansu;DAY;Unclassified;C2H4:4,CH3OH:1,HCOOH:2,HNO3:1,CO:9,CO2:5,NH3:5,SO2:4;31;L2_17
246717;2026-06-04;42.480843;66.64402;Kazakhstan;South Kazakhstan;DAY;Unclassified;CH3OH:1;1;L2_18
246718;2026-06-04;44.41889;75.498024;Kazakhstan;Almaty;DAY;Unclassified;NH3:1;1;L2_19
246719;2026-06-04;54.597008;85.84468;Russian Federation;Kemerovo;DAY;Unclassified;NH3:1;1;L2_20
246720;2026-06-04;-62.25946;68.14187;Southern Ocean;;NIGHT;Unclassified;HNO3:3;3;L2_21
246723;2026-06-04;-36.37347;100.93564;Indian Ocean;;DAY;Unclassified;NH3:2;2;L2_22
246725;2026-06-04;35.946053;-76.22959;United States;North Carolina;DAY;Unclassified;HNO3:1;1;L2_23
246726;2026-06-04;24.655046;42.57082;Saudi Arabia;Al Qassim;NIGHT;Unclassified;C2H4:1,CaCO3:2,HCOOH:8,HNO3:4,CO2:2,NH3:3,SO2:8;28;L2_16
246737;2026-06-04;57.184994;160.37552;Russian Federation;Kamchatka;DAY;Unclassified;SO2:22;22;L2_24
246748;2026-06-04;-27.058249;78.55338;Indian Ocean;;DAY;Unclassified;C2H4:1,HCOOH:1;2;L2_25
246775;2026-06-04;-80.7006;20.453058;Antarctica;;NIGHT;Unclassified;HNO3:1,NH3:1;2;L2_26
246776;2026-06-04;-57.89783;159.69948;South Pacific Ocean;;NIGHT;Unclassified;NH3:2;2;L2_27
246778;2026-06-04;-51.3772;-134.15663;South Pacific Ocean;;NIGHT;Unclassified;NH3:2;2;L2_28
246780;2026-06-04;-41.542595;-149.09946;South Pacific Ocean;;NIGHT;Unclassified;HCOOH:2;2;L2_29
246782;2026-06-04;29.903728;-59.579086;North Atlantic Ocean;;NIGHT;Unclassified;NH3:2;2;L2_30
246784;2026-06-04;41.493458;-63.725163;North Atlantic Ocean;;NIGHT;Unclassified;HNO3:2;2;L2_31
246786;2026-06-04;70.96711;158.48415;East Siberian Sea;;DAY;Unclassified;NH3:2;2;L2_32
246788;2026-06-04;7.9313602;150.08994;North Pacific Ocean;;NIGHT;Unclassified;NH3:2;2;L2_33
246790;2026-06-04;27.154703;-2.003023;Algeria;Adrar;NIGHT;Unclassified;C2H4:2,HNO3:3,NH3:1;6;L2_35
246796;2026-06-04;-4.034502;-43.239357;Brazil;Maranhão;DAY;Unclassified;CO:2;2;L2_36
246798;2026-06-04;3.9398472;39.694023;Ethiopia;Somali;DAY;Unclassified;CO2:2;2;L2_37
246850;2026-06-04;34.38541;44.14538;Iraq;Sala ad-Din;DAY;Unclassified;CO:2,NH3:1;3;L2_38
246853;2026-06-04;36.013615;-147.58148;North Pacific Ocean;;NIGHT;Unclassified;NH3:2;2;L2_39
246855;2026-06-04;39.076992;55.34359;Turkmenistan;Balkan;DAY;Unclassified;CO2:2;2;L2_40
246857;2026-06-04;43.596664;-154.54497;North Pacific Ocean;;NIGHT;Unclassified;NH3:2;2;L2_41
246859;2026-06-04;49.718643;40.393307;Russian Federation;Voronezh;DAY;Unclassified;CO2:2;2;L2_42
246861;2026-06-04;20.23413;-61.55901;North Atlantic Ocean;;DAY;Unclassified;C2H4:2;2;L2_43
246863;2026-06-04;36.592335;-117.07128;United States;California;NIGHT;Unclassified;HNO3:1;1;L2_11
246864;2026-06-04;17.40822;16.948868;Chad;Borkou;DAY;Unclassified;HNO3:1,CO:2,CO2:1,NH3:1,SO2:2;7;L2_44
246870;2026-06-04;17.899677;5.6153393;Niger;Agadez;DAY;Unclassified;NH3:1;1;L2_45
246890;2026-06-04;-8.344399;-21.755768;South Atlantic Ocean;;DAY;Unclassified;CaCO3:1;1;L2_46
246891;2026-06-04;23.780249;-5.3464065;Mali;Timbuktu;DAY;Unclassified;C2H2:1,CaCO3:2,HCN:1,HCOOH:9,HNO3:1,CO:14,NH3:7,SO2:9;44;L2_34
246935;2026-06-04;34.079803;5.8524494;Algeria;El Oued;DAY;Unclassified;HCOOH:1;1;L2_47
246936;2026-06-04;-33.33004;-153.70529;South Pacific Ocean;;DAY;Unclassified;C2H4:2;2;L2_48
246956;2026-06-04;57.03585;-104.51635;Canada;Saskatchewan;DAY;Unclassified;HNO3:1,CO:1;2;L2_49
246957;2026-06-04;7.0273595;-114.495926;North Pacific Ocean;;DAY;Unclassified;CO:1,SO2:1;2;L2_50
246958;2026-06-05;12.797667;40.668606;Ethiopia;Afar;DAY;fire_type_1;C2H4_1:3,CO2_1:2,CO_3:1;6;L3_1
246962;2026-06-05;21.438908;50.804646;Saudi Arabia;Ash-Sharqīyah;DAY;fire_type_1;C2H4_1:37,CO2_1:171,CO2_2:21,CO_3:70,HCOOH_1:13,HNO3_1:277,NH3_3:4,SO2_6:31;624;L3_3
246971;2026-06-05;17.765163;51.336903;Yemen;Hadramawt;NIGHT;others;CO2_1:3,CaCO3_1:2,HCOOH_1:2,HNO3_1:62,SO2_6:7;76;L3_2
247038;2026-06-05;27.083664;1.4590791;Algeria;Adrar;DAY;fire_type_1;C2H4_1:13,CO2_1:97,CO2_2:17,CO_3:69,HCOOH_1:15,HNO3_1:37,SO2_6:2;250;L3_5
247300;2026-06-05;20.455154;59.974342;Arabian Sea;;NIGHT;others;SO2_6:6;6;L3_6
247354;2026-06-05;22.12702;46.692875;Saudi Arabia;Ar Riyad;NIGHT;others;HNO3_1:6,SO2_6:2;8;L3_4
247394;2026-06-05;26.642994;28.135803;Egypt;Al Wadi al Jadid;DAY;fire_type_1;C2H4_1:1,CO2_1:9,CO2_2:6,CO_3:10,HNO3_1:11;37;L3_7
247561;2026-06-05;27.935575;14.874809;Libya;Wadi ash Shati';DAY;fire_type_1;C2H4_1:2,CO2_1:7,CO_3:1,HNO3_1:14;24;L3_8
247749;2026-06-05;30.314085;73.55086;Pakistan;Punjab;DAY;fire;CO_3:2,HCOOH_1:5,NH3_1:2;9;L3_9
247904;2026-06-05;34.868195;114.772224;China;Henan;DAY;fire;HCOOH_1:9,NH3_1:6,NH3_3:4;19;L3_10
247934;2026-06-05;23.766981;0.21545407;Algeria;Adrar;DAY;Unclassified;C2H4:5,CaCO3:4,CH3OH:1,CO:25,CO2:12,NH3:11,SO2:7;65;L2_1
247999;2026-06-05;56.04754;160.50108;Russian Federation;Kamchatka;DAY;Unclassified;SO2:12;12;L2_3
248001;2026-06-05;-22.41133;-160.4392;South Pacific Ocean;;DAY;Unclassified;NH3:2;2;L2_4
248003;2026-06-05;1.95541;9.601889;Gulf of Guinea;;NIGHT;Unclassified;NH3:2;2;L2_5
248004;2026-06-05;32.43069;-163.21736;North Pacific Ocean;;NIGHT;Unclassified;NH3:2;2;L2_6
248006;2026-06-05;47.666336;-150.87653;North Pacific Ocean;;NIGHT;Unclassified;HNO3:1,NH3:1;2;L2_7
248007;2026-06-05;-57.034817;-0.43198064;South Atlantic Ocean;;NIGHT;Unclassified;NH3:2;2;L2_8
248009;2026-06-05;-39.005676;-161.59677;South Pacific Ocean;;NIGHT;Unclassified;NH3:2;2;L2_9
248011;2026-06-05;-24.819649;14.988639;Namibia;Hardap;DAY;Unclassified;HCOOH:1;1;L2_10
248012;2026-06-05;25.061785;43.03995;Saudi Arabia;Al Qassim;DAY;Unclassified;C2H2:3,C2H4:5,CaCO3:3,CH3OH:4,HCOOH:2,HNO3:8,CO:35,CO2:36,NH3:15,SO2:7;118;L2_11
248013;2026-06-05;15.842279;24.334637;Sudan;North Darfur;DAY;Unclassified;HCOOH:1;1;L2_13
248018;2026-06-05;19.97204;11.76979;Niger;Agadez;DAY;Unclassified;CH3OH:1;1;L2_14
248049;2026-06-05;46.75488;38.705894;Russian Federation;Krasnodar;DAY;Unclassified;C2H4:1,CO2:1;2;L2_15
248050;2026-06-05;9.469609;78.18245;India;Tamil Nadu;DAY;Unclassified;CO:1;1;L2_16
248051;2026-06-05;21.580925;81.37179;India;Chhattisgarh;DAY;Unclassified;HCOOH:1,CO:1,NH3:1;3;L2_17
248064;2026-06-05;36.61692;-115.54729;United States;Nevada;NIGHT;Unclassified;HNO3:1;1;L2_20
248065;2026-06-05;38.71319;81.833015;China;Xinjiang Uygur;DAY;Unclassified;CO:1;1;L2_21
248066;2026-06-05;38.83615;-109.18402;United States;Utah;NIGHT;Unclassified;NH3:2;2;L2_23
248068;2026-06-05;44.33531;86.638954;China;Xinjiang Uygur;DAY;Unclassified;C2H2:1,CaCO3:1,CH3OH:1,HCOOH:4,CO:2,CO2:7;16;L2_24
248084;2026-06-05;48.295044;95.602936;Mongolia;Dzavhan;DAY;Unclassified;CO2:2;2;L2_25
248086;2026-06-05;50.955746;78.548965;Kazakhstan;East Kazakhstan;DAY;Unclassified;CO2:1;1;L2_26
248087;2026-06-05;-75.79609;115.25151;Antarctica;;NIGHT;Unclassified;NH3:2;2;L2_27
248089;2026-06-05;18.232637;-95.462326;Mexico;Veracruz;DAY;Unclassified;SO2:2;2;L2_28
248091;2026-06-05;25.0417;81.80178;India;Uttar Pradesh;NIGHT;Unclassified;HCOOH:1;1;L2_18
248092;2026-06-05;25.368599;74.62673;India;Rajasthan;NIGHT;Unclassified;CO2:1,SO2:1;2;L2_29
248093;2026-06-05;29.96998;-102.39688;United States;Texas;DAY;Unclassified;CO2:2;2;L2_30
248094;2026-06-05;35.27969;-115.976524;United States;California;DAY;Unclassified;C2H2:1,CH3OH:4,CO:13,CO2:10,NH3:1,SO2:5;34;L2_19
248100;2026-06-05;36.60508;-108.72441;United States;New Mexico;DAY;Unclassified;CO2:1;1;L2_22
248101;2026-06-05;37.8367;-102.55087;United States;Colorado;DAY;Unclassified;CO:1,NH3:2;3;L2_31
248104;2026-06-05;25.99647;-0.8797039;Algeria;Adrar;NIGHT;Unclassified;HCOOH:2,HNO3:2,CO2:1;5;L2_2
248109;2026-06-05;-25.849298;142.41718;Australia;Queensland;DAY;Unclassified;HNO3:2,NH3:2;4;L2_32
248188;2026-06-05;38.617546;54.08111;Turkmenistan;Balkan;DAY;Unclassified;CO:1;1;L2_33
248189;2026-06-05;41.68321;64.06546;Uzbekistan;Navoiy;DAY;Unclassified;C2H2:1,CH3OH:2,CO2:6,NH3:2;11;L2_34
248199;2026-06-05;46.76645;49.388863;Kazakhstan;Atyrau;DAY;Unclassified;C2H4:2;2;L2_35
248201;2026-06-05;-41.64484;-28.103947;South Atlantic Ocean;;DAY;Unclassified;HCOOH:2;2;L2_36
248203;2026-06-05;-17.45786;36.197056;Mozambique;Zambezia;NIGHT;Unclassified;NH3:2;2;L2_37
248205;2026-06-05;26.321295;39.00511;Saudi Arabia;Al Madinah;NIGHT;Unclassified;CH3OH:1,HCOOH:4,HNO3:7,CO:1,CO2:3,SO2:1;17;L2_12
248212;2026-06-05;36.41126;18.43484;Mediterranean Sea - Eastern Basin;;NIGHT;Unclassified;NH3:2;2;L2_38
248214;2026-06-05;52.279083;-143.58524;North Pacific Ocean;;DAY;Unclassified;NH3:2;2;L2_39
248216;2026-06-05;-38.316616;137.77888;Great Australian Bight;;NIGHT;Unclassified;NH3:2;2;L2_40
248218;2026-06-05;-58.2824;76.560036;Indian Ocean;;NIGHT;Unclassified;NH3:2;2;L2_41
248229;2026-06-05;-58.906815;87.35841;Indian Ocean;;NIGHT;Unclassified;HNO3:3;3;L2_43
248232;2026-06-05;35.269924;114.289734;China;Henan;DAY;Unclassified;NH3:2;2;L2_44
248233;2026-06-05;43.8273;122.44222;China;Nei Mongol;DAY;Unclassified;NH3:4;4;L2_45
248237;2026-06-05;-62.72448;70.79797;Southern Ocean;;NIGHT;Unclassified;NH3:2;2;L2_46
248239;2026-06-05;-58.30596;92.063866;Indian Ocean;;DAY;Unclassified;HNO3:3;3;L2_42
248242;2026-06-05;27.381393;107.16016;China;Guizhou;DAY;Unclassified;NH3:2;2;L2_47
248245;2026-06-05;36.77688;91.76458;China;Qinghai;DAY;Unclassified;C2H4:2,NH3:1;3;L2_48
248246;2026-06-05;37.328445;103.161606;China;Gansu;DAY;Unclassified;HCOOH:1,CO:2,CO2:1;4;L2_49
248252;2026-06-05;-14.288755;-141.24197;South Pacific Ocean;;DAY;Unclassified;NH3:2;2;L2_50
248279;2026-06-06;21.330002;52.52044;Saudi Arabia;Ash-Sharqīyah;DAY;fire_type_1;C2H4_1:24,CO2_1:105,CO2_2:36,CO_3:63,HNO3_1:297,NH3_1:3,SO2_6:18;546;L3_1
248296;2026-06-06;17.823912;52.418633;Yemen;Al Mahrah;NIGHT;others;HNO3_1:43,SO2_6:4;47;L3_2
248577;2026-06-06;22.236683;0.95215565;Algeria;Adrar;DAY;fire_type_1;C2H4_1:2,CO2_1:5,CO_3:1;8;L3_3
248627;2026-06-06;27.74486;11.941383;Libya;Wadi ash Shati';DAY;fire_type_1;C2H4_1:9,CO2_1:47,CO_3:14,HNO3_1:17;87;L3_5
248663;2026-06-06;22.81384;52.167965;Saudi Arabia;Ash-Sharqīyah;NIGHT;others;HCOOH_1:2,SO2_1:1,SO2_6:4;7;L3_4
248681;2026-06-06;23.208397;33.93652;Egypt;Al Bahr al Ahmar;DAY;fire_type_1;C2H4_1:1,CO2_1:4,CO_3:2;7;L3_6
248743;2026-06-06;27.774946;27.038485;Egypt;Matrouh;DAY;fire_type_1;C2H4_1:2,CO2_1:17,CO2_2:5,CO_3:7,HNO3_1:9,SO2_6:2;42;L3_7
248751;2026-06-06;24.808233;38.351006;Saudi Arabia;Al Madinah;DAY;fire_type_1;CO2_1:1,CO2_2:1,CO_3:1;3;L3_16
248762;2026-06-06;26.678421;71.242775;India;Rajasthan;DAY;fire;CO2_2:9;9;L3_8
248940;2026-06-06;31.440683;73.981285;Pakistan;Punjab;DAY;fire;HCOOH_1:5,NH3_1:1;6;L3_10
248945;2026-06-06;31.604439;-4.1863313;Morocco;Meknès - Tafilalet;DAY;others;CO2_1:1,HNO3_1:4,SO2_6:1;6;L3_9
248950;2026-06-06;33.21431;39.80029;Iraq;Al-Anbar;DAY;fire_type_1;C2H4_1:2,CO2_1:3,CO_3:2,HNO3_1:3;10;L3_11
249017;2026-06-06;39.56578;105.04366;China;Nei Mongol;DAY;others;CO2_2:3,HCOOH_1:4,SO2_6:3;10;L3_13
249018;2026-06-06;41.629295;60.55405;Uzbekistan;Xorazm;DAY;fire_type_1;CO2_1:24,CO2_2:8,CO_3:3,HNO3_1:3;38;L3_12
249059;2026-06-06;45.988277;86.75747;China;Xinjiang Uygur;DAY;fire_type_1;CO2_1:1,CO_3:1,HCOOH_1:2,NH3_3:2;6;L3_14
249069;2026-06-06;56.235443;161.20984;Russian Federation;Kamchatka;DAY;volcano;SO2_2:3,SO2_3:2,SO2_4:3,SO2_5:2,SO2_6:4,Surf_3:2;16;L3_17
249071;2026-06-06;56.647747;161.62898;Russian Federation;Kamchatka;NIGHT;others;SO2_6:4;4;L3_15
249077;2026-06-06;-17.031082;11.180137;South Atlantic Ocean;;NIGHT;Unclassified;NH3:2;2;L2_1
249079;2026-06-06;28.288206;55.482777;Iran;Hormozgan;NIGHT;Unclassified;C2H4:2,HNO3:6,CO:1,CO2:2,SO2:4;15;L2_3
249086;2026-06-06;36.481495;-114.596664;United States;Nevada;DAY;Unclassified;HNO3:5,CO:2,CO2:6,SO2:3;16;L2_4
249110;2026-06-06;-25.202173;170.70723;South Pacific Ocean;;DAY;Unclassified;NH3:2;2;L2_6
249112;2026-06-06;-9.175998;120.70366;Savu Sea;;DAY;Unclassified;CO2:2;2;L2_7
249114;2026-06-06;37.161034;127.366135;South Korea;Gyeonggi-do;DAY;Unclassified;NH3:1;1;L2_8
249115;2026-06-06;44.620975;121.72489;China;Nei Mongol;DAY;Unclassified;CH3OH:1;1;L2_9
249116;2026-06-06;-17.360813;-135.15337;South Pacific Ocean;;DAY;Unclassified;CH3OH:2;2;L2_10
249118;2026-06-06;-61.885418;-112.25772;Southern Ocean;;NIGHT;Unclassified;NH3:2;2;L2_11
249120;2026-06-06;-39.439625;-112.407585;South Pacific Ocean;;NIGHT;Unclassified;NH3:2;2;L2_12
249122;2026-06-06;12.140667;-123.81989;North Pacific Ocean;;NIGHT;Unclassified;NH3:2;2;L2_13
249124;2026-06-06;-2.35262;99.138084;Indian Ocean;;DAY;Unclassified;HCOOH:1;1;L2_14
249125;2026-06-06;33.97475;114.05317;China;Henan;DAY;Unclassified;HCOOH:9,NH3:1;10;L2_15
249135;2026-06-06;43.245407;106.49165;Mongolia;Ömnögovi;DAY;Unclassified;CO2:1;1;L2_16
249136;2026-06-06;48.704273;126.08471;China;Heilongjiang;DAY;Unclassified;NH3:1;1;L2_17
249137;2026-06-06;74.04612;-168.46431;Arctic Ocean;;DAY;Unclassified;NH3:2;2;L2_18
249139;2026-06-06;-72.80957;-12.622668;Antarctica;;NIGHT;Unclassified;NH3:1,SO2:1;2;L2_19
249140;2026-06-06;-14.889936;-12.999922;South Atlantic Ocean;;DAY;Unclassified;NH3:2;2;L2_20
249142;2026-06-06;23.475422;9.629089;Algeria;Tamanghasset;DAY;Unclassified;C2H2:1,CH3OH:1,CO:2,CO2:4,SO2:3;11;L2_22
249144;2026-06-06;22.82912;-3.4320626;Mali;Timbuktu;DAY;Unclassified;C2H4:1,HCOOH:5,HNO3:1,CO:9,CO2:5,NH3:2;23;L2_23
249175;2026-06-06;51.819763;19.139072;Poland;Łódzkie;DAY;Unclassified;NH3:2;2;L2_24
249177;2026-06-06;-26.35126;-81.15025;South Pacific Ocean;;DAY;Unclassified;HNO3:2;2;L2_25
249179;2026-06-06;55.188663;161.72102;Russian Federation;Kamchatka;NIGHT;Unclassified;SO2:4;4;L2_27
249181;2026-06-06;-6.7120914;115.294174;Java Sea;;NIGHT;Unclassified;CaCO3:1,HCOOH:2;3;L2_28
249184;2026-06-06;-16.122969;50.8213;Indian Ocean;;DAY;Unclassified;NH3:2;2;L2_29
249186;2026-06-06;27.467846;53.68809;Iran;Fars;DAY;Unclassified;C2H2:1,C2H4:2,CaCO3:3,CH3OH:2,HCN:2,HCOOH:3,HNO3:6,CO:17,CO2:16,NH3:15,SO2:10;77;L2_2
249189;2026-06-06;11.895569;41.6127;Ethiopia;Afar;DAY;Unclassified;C2H4:1;1;L2_30
249241;2026-06-06;25.352863;33.032673;Egypt;Qina;DAY;Unclassified;C2H4:4,CaCO3:2,CH3OH:1,HCN:1,HCOOH:1,HNO3:4,CO:15,CO2:21,NH3:4,SO2:7;60;L2_31
249264;2026-06-06;44.644604;70.616806;Kazakhstan;Zhambyl;DAY;Unclassified;CaCO3:1,HCOOH:1,CO2:1;3;L2_33
249272;2026-06-06;48.589523;46.228374;Russian Federation;Astrakhan';DAY;Unclassified;CaCO3:1;1;L2_34
249273;2026-06-06;24.69495;-143.26132;North Pacific Ocean;;DAY;Unclassified;NH3:1;1;L2_35
249274;2026-06-06;27.248909;20.674206;Libya;Al Wahat;NIGHT;Unclassified;NH3:1;1;L2_32
249275;2026-06-06;25.562777;142.6221;North Pacific Ocean;;NIGHT;Unclassified;NH3:2;2;L2_36
249277;2026-06-06;12.493019;-105.508064;North Pacific Ocean;;DAY;Unclassified;CaCO3:1,SO2:1;2;L2_37
249278;2026-06-06;23.078;-100.41929;Mexico;San Luis Potosí;DAY;Unclassified;CH3OH:2;2;L2_38
249280;2026-06-06;25.614712;-108.68509;Mexico;Sinaloa;DAY;Unclassified;C2H4:1;1;L2_39
249281;2026-06-06;43.318134;-92.524185;United States;Iowa;DAY;Unclassified;CO:2;2;L2_40
249283;2026-06-06;61.70792;-84.470726;Hudson Bay;;DAY;Unclassified;SO2:2;2;L2_41
249285;2026-06-06;-29.480358;65.71122;Indian Ocean;;DAY;Unclassified;NH3:3;3;L2_42
249288;2026-06-06;28.796442;79.60354;India;Uttar Pradesh;DAY;Unclassified;C2H4:1,HCOOH:4,HNO3:1,CO2:1,NH3:2,SO2:2;11;L2_43
249289;2026-06-06;29.909004;71.15516;Pakistan;Punjab;DAY;Unclassified;HCOOH:1,CO:1,NH3:3;5;L2_44
249303;2026-06-06;45.541355;91.04771;Mongolia;Hovd;DAY;Unclassified;C2H4:1,CH3OH:1,HNO3:2,CO:1,CO2:6,NH3:1;12;L2_45
249316;2026-06-06;67.5506;-124.65246;Canada;Northwest Territories;DAY;Unclassified;SO2:2;2;L2_46
249318;2026-06-06;-64.141266;3.4851606;Southern Ocean;;NIGHT;Unclassified;HNO3:2;2;L2_47
249320;2026-06-06;-17.7582;-8.84323;South Atlantic Ocean;;NIGHT;Unclassified;NH3:1;1;L2_21
249321;2026-06-06;56.63152;160.34991;Russian Federation;Kamchatka;DAY;Unclassified;SO2:29;29;L2_26
249334;2026-06-06;17.966536;-14.682681;Mauritania;Trarza;DAY;Unclassified;C2H2:1,C2H4:6,CO:4,NH3:3;14;L2_48
249347;2026-06-06;28.039288;-20.38353;North Atlantic Ocean;;DAY;Unclassified;NH3:2;2;L2_49
249349;2026-06-06;44.35698;-114.831375;United States;Idaho;NIGHT;Unclassified;NH3:3;3;L2_5
249409;2026-06-06;37.012863;37.274937;Turkiye;Gaziantep;DAY;Unclassified;CO2:1;1;L2_50
249410;2026-06-06;38.136185;27.228212;Turkiye;Izmir;DAY;Unclassified;HCOOH:2;2;L2_51
249412;2026-06-07;-13.010559;130.21777;Australia;Northern Territory;DAY;extrem;CO_1 CO_2 CO_3 CO2_1 Band_3;5;L3_1
249413;2026-06-07;-1.44892;29.205149;Congo DRC;Nord-Kivu;DAY;extrem;CO_3 CO2_1 CO2_2 Band_3;4;L3_2
249414;2026-06-07;14.42119;40.159855;Ethiopia;Afar;DAY;fire_type_1;C2H4_1:1,CO2_1:1,CO_3:3,HNO3_1:1;6;L3_3
249417;2026-06-07;22.07493;54.204308;Saudi Arabia;Ash-Sharqīyah;DAY;fire_type_1;C2H4_1:25,CO2_1:99,CO2_2:45,CO_2:11,CO_3:60,HNO3_1:227,SO2_6:16;483;L3_5
249517;2026-06-07;20.113735;33.05391;Sudan;River Nile;DAY;fire_type_1;C2H4_1:2,CO2_1:7,CO2_2:2,CO_2:2,CO_3:5,SO2_6:1;19;L3_10
249524;2026-06-07;19.918589;53.803074;Saudi Arabia;Ash-Sharqīyah;NIGHT;others;CO2_1:2,HCOOH_1:8,HNO3_1:11,NH3_3:1,SO2_1:1,SO2_6:1;24;L3_4
249531;2026-06-07;25.6268;14.116502;Libya;Murzuq;DAY;fire_type_1;CO2_1:30,CO2_2:4,CO_2:1,CO_3:19,HNO3_1:23,SO2_6:2;79;L3_8
249569;2026-06-07;25.131939;-8.515359;Mauritania;Tiris Zemmour;DAY;fire_type_1;C2H4_1:9,CO2_1:16,CO2_2:10,CO_2:5,CO_3:48,HNO3_1:5,SO2_6:1;94;L3_7
249740;2026-06-07;27.851833;42.164948;Saudi Arabia;Ḥaʼil;DAY;fire_type_1;C2H4_1:8,CO2_1:23,CO2_2:4,CO_2:1,CO_3:15,HNO3_1:17,SO2_6:1;69;L3_11
249930;2026-06-07;28.991268;1.7323626;Algeria;Adrar;DAY;others;C2H4_1:2,CO2_1:4,HNO3_1:7;13;L3_12
249973;2026-06-07;30.2417;85.00004;China;Xizang;DAY;others;CO2_2:17,HNO3_1:2,SO2_2:9,SO2_3:9;37;L3_13
250127;2026-06-07;32.38231;56.079617;Iran;Yazd;NIGHT;others;HNO3_1:6;6;L3_6
250188;2026-06-07;39.479565;63.611763;Uzbekistan;Buxoro;DAY;fire_type_1;CO2_1:30,CO2_2:11,CO_3:8,NH3_2:2,NH3_3:1;52;L3_14
250220;2026-06-07;41.645603;102.004684;China;Nei Mongol;DAY;fire_type_1;CO2_2:4,CO_3:1;5;L3_15
250228;2026-06-07;46.4212;93.76808;Mongolia;Govi-Altay;DAY;fire_type_1;CO2_1:2,CO2_2:14,CO_3:1,HNO3_1:1,NH3_2:1;19;L3_16
250263;2026-06-07;56.320396;160.5881;Russian Federation;Kamchatka;NIGHT;others;SO2_4:2,SO2_6:3;5;L3_9
250266;2026-06-07;57.16402;159.38446;Russian Federation;Kamchatka;DAY;others;SO2_4:5,SO2_6:5;10;L3_17
250271;2026-06-07;21.861763;54.74344;Saudi Arabia;Ash-Sharqīyah;NIGHT;Unclassified;CO2:1,NH3:1,SO2:2;4;L2_1
250275;2026-06-07;27.529474;52.507343;Persian Gulf;;NIGHT;Unclassified;SO2:2;2;L2_2
250277;2026-06-07;29.271969;65.344765;Pakistan;Balochistan;NIGHT;Unclassified;CO2:2;2;L2_3
250279;2026-06-07;-21.471703;121.60479;Australia;Western Australia;DAY;Unclassified;HNO3:2;2;L2_4
250281;2026-06-07;20.995771;130.0292;Philippine Sea;;DAY;Unclassified;HNO3:2;2;L2_5
250283;2026-06-07;56.38837;160.92664;Russian Federation;Kamchatka;DAY;Unclassified;SO2:9;9;L2_6
250289;2026-06-07;24.040329;-9.235691;Mauritania;Tiris Zemmour;DAY;Unclassified;C2H4:1,CH3OH:4,HCOOH:4,HNO3:1,CO2:2,NH3:3,SO2:5;20;L2_8
250308;2026-06-07;55.689713;157.0903;Russian Federation;Kamchatka;NIGHT;Unclassified;SO2:29;29;L2_7
250321;2026-06-07;20.712357;15.031531;Niger;Agadez;DAY;Unclassified;CH3OH:1,HCN:1,HNO3:1,CO:2,CO2:1,NH3:3;9;L2_9
250327;2026-06-07;24.773228;8.900621;Algeria;Illizi;DAY;Unclassified;CO:3,CO2:3;6;L2_10
250337;2026-06-07;30.717764;19.970997;Libya;Al Wahat;DAY;Unclassified;CaCO3:3,CO:1;4;L2_11
250341;2026-06-07;33.40869;9.80171;Tunisia;Gabès;DAY;Unclassified;CO2:1;1;L2_12
250342;2026-06-07;51.496765;21.899227;Poland;Lubelskie;DAY;Unclassified;CaCO3:1,HCOOH:1;2;L2_13
250343;2026-06-07;-40.08771;-101.63972;South Pacific Ocean;;NIGHT;Unclassified;NH3:2;2;L2_14
250345;2026-06-07;28.189886;85.06261;Nepal;Central;DAY;Unclassified;HCN:1,HCOOH:3,CO:1,CO2:2,NH3:2,SO2:2;11;L2_15
250351;2026-06-07;30.35368;75.71173;India;Punjab;DAY;Unclassified;CH3OH:1,HCOOH:3,NH3:2,SO2:2;8;L2_16
250363;2026-06-07;41.694313;99.31566;China;Nei Mongol;DAY;Unclassified;C2H2:2,C2H4:2,HCOOH:3,HNO3:3,CO:1,CO2:5,NH3:2,SO2:9;27;L2_17
250381;2026-06-07;-28.986113;-26.697327;South Atlantic Ocean;;DAY;Unclassified;CO2:2,NH3:2;4;L2_18
250385;2026-06-07;10.265488;143.46382;North Pacific Ocean;;NIGHT;Unclassified;NH3:2;2;L2_19
250387;2026-06-07;29.424809;-103.36482;United States;Texas;DAY;Unclassified;HCOOH:1;1;L2_20
250388;2026-06-07;44.612995;-91.12107;United States;Wisconsin;DAY;Unclassified;CO2:2;2;L2_21
250390;2026-06-07;58.738983;91.06511;Russian Federation;Krasnoyarsk;NIGHT;Unclassified;CO:1;1;L2_23
250391;2026-06-07;17.42839;32.30779;Sudan;Northern;DAY;Unclassified;CH3OH:1,CO:1,CO2:3,NH3:3;8;L2_24
250392;2026-06-07;14.333559;40.583614;Eritrea;Debubawi Keyih Bahri;DAY;Unclassified;NH3:1;1;L2_25
250398;2026-06-07;19.271149;22.944798;Chad;Ennedi Est;DAY;Unclassified;CO2:2;2;L2_26
250399;2026-06-07;27.278181;34.615353;Red Sea;;DAY;Unclassified;C2H2:1,C2H4:2,HCOOH:2,HNO3:5,CO:11,CO2:9,NH3:8,SO2:5;43;L2_27
250444;2026-06-07;41.856853;41.48803;Black Sea;;DAY;Unclassified;CO:1,NH3:1;2;L2_28
250445;2026-06-07;59.514084;91.23383;Russian Federation;Krasnoyarsk;DAY;Unclassified;C2H4:1,CO:3,CO2:1;5;L2_22
250454;2026-06-07;-19.786612;-102.30554;South Pacific Ocean;;DAY;Unclassified;NH3:2;2;L2_29
250456;2026-06-07;-13.858279;-99.386086;South Pacific Ocean;;DAY;Unclassified;HNO3:1,CO:1;2;L2_30
